BEGIN;
DELETE FROM TRANSACTIONS;
DELETE FROM ARCHIVED_ORDERS;
DELETE FROM ORDERS;
DELETE FROM RESOURCES;
DELETE FROM STOCKS;
DELETE FROM USERS;
COMMIT;

BEGIN;
INSERT INTO STOCKS(ID,NAME,ABBREVIATION,CURRENT_PRICE,AMOUNT) VALUES (1,'bRM4tB0XqlCC4qFuwjL5H','bRM','14287.97',840);
INSERT INTO STOCKS(ID,NAME,ABBREVIATION,CURRENT_PRICE,AMOUNT) VALUES (2,'oLsexMRGyvWrKzSLed7Zx','oLs','32355.12',441);
INSERT INTO STOCKS(ID,NAME,ABBREVIATION,CURRENT_PRICE,AMOUNT) VALUES (3,'O5cUUl2puJpmPQyVII8cy','O5c','31257.48',283);
INSERT INTO STOCKS(ID,NAME,ABBREVIATION,CURRENT_PRICE,AMOUNT) VALUES (4,'eC0zwABuJrSSko2AjWoB0','eC0','25855.71',557);
INSERT INTO STOCKS(ID,NAME,ABBREVIATION,CURRENT_PRICE,AMOUNT) VALUES (5,'F4ZwG4Dppa3oZxJwOr5Pe','F4Z','18200.74',683);
INSERT INTO STOCKS(ID,NAME,ABBREVIATION,CURRENT_PRICE,AMOUNT) VALUES (6,'TMF9PKOjDCKtySyjrfswC','TMF','2481.7',70);
INSERT INTO STOCKS(ID,NAME,ABBREVIATION,CURRENT_PRICE,AMOUNT) VALUES (7,'SkNemFVjVVLnVofKwsiJ3','SkN','810.4',272);
INSERT INTO STOCKS(ID,NAME,ABBREVIATION,CURRENT_PRICE,AMOUNT) VALUES (8,'T7lHN1cyxIRVd2hhr3yKX','T7l','20639.41',937);
INSERT INTO STOCKS(ID,NAME,ABBREVIATION,CURRENT_PRICE,AMOUNT) VALUES (9,'8DBqjotc2DZ2cfzrsIF2M','8DB','2170.47',642);
INSERT INTO STOCKS(ID,NAME,ABBREVIATION,CURRENT_PRICE,AMOUNT) VALUES (10,'kPqJ30EbormJEN7FafQMl','kPq','17362.37',592);
INSERT INTO STOCKS(ID,NAME,ABBREVIATION,CURRENT_PRICE,AMOUNT) VALUES (11,'QY90AD4yIpUwUiIVdj9mU','QY9','26233.84',462);
INSERT INTO STOCKS(ID,NAME,ABBREVIATION,CURRENT_PRICE,AMOUNT) VALUES (12,'VRzzlc2nRmkvXEyYchgId','VRz','14833.8',266);
INSERT INTO STOCKS(ID,NAME,ABBREVIATION,CURRENT_PRICE,AMOUNT) VALUES (13,'OxsaIVcq0LK7KOvPgcfd8','Oxs','11403.72',332);
INSERT INTO STOCKS(ID,NAME,ABBREVIATION,CURRENT_PRICE,AMOUNT) VALUES (14,'4hECvqRqmhGpzJQLqdRfB','4hE','26460.91',720);
INSERT INTO STOCKS(ID,NAME,ABBREVIATION,CURRENT_PRICE,AMOUNT) VALUES (15,'N4HlwNTv3ncpewjd3D31I','N4H','23089.19',721);
INSERT INTO STOCKS(ID,NAME,ABBREVIATION,CURRENT_PRICE,AMOUNT) VALUES (16,'Y0XyMz3mRbBwVOcrfZQOn','Y0X','936',748);
INSERT INTO STOCKS(ID,NAME,ABBREVIATION,CURRENT_PRICE,AMOUNT) VALUES (17,'E0yMM7mkUvKOJiOUyGr62','E0y','6773.02',35);
INSERT INTO STOCKS(ID,NAME,ABBREVIATION,CURRENT_PRICE,AMOUNT) VALUES (18,'VQXHRc2V36aPVfm3VcTue','VQX','27077.07',878);
INSERT INTO STOCKS(ID,NAME,ABBREVIATION,CURRENT_PRICE,AMOUNT) VALUES (19,'PHssh0ZgpqKZW67iGlK3O','PHs','16216.46',369);
INSERT INTO STOCKS(ID,NAME,ABBREVIATION,CURRENT_PRICE,AMOUNT) VALUES (20,'xtYOkPuhDzhibSlg0w7G3','xtY','3416.24',934);
INSERT INTO STOCKS(ID,NAME,ABBREVIATION,CURRENT_PRICE,AMOUNT) VALUES (21,'6HvBqj4jmLDfcOuN2ffou','6Hv','2842.26',131);
INSERT INTO STOCKS(ID,NAME,ABBREVIATION,CURRENT_PRICE,AMOUNT) VALUES (22,'j6s6GIwY8Q2OmbYVMdPio','j6s','3712.97',270);
INSERT INTO STOCKS(ID,NAME,ABBREVIATION,CURRENT_PRICE,AMOUNT) VALUES (23,'pK1KW4JawssPv00Ru57sp','pK1','14322.3',721);
INSERT INTO STOCKS(ID,NAME,ABBREVIATION,CURRENT_PRICE,AMOUNT) VALUES (24,'7DfpTMLh1jf7qAcyghmoF','7Df','29877.87',352);
INSERT INTO STOCKS(ID,NAME,ABBREVIATION,CURRENT_PRICE,AMOUNT) VALUES (25,'dG8dpAMljguThanEdLOjm','dG8','2121.51',865);
INSERT INTO STOCKS(ID,NAME,ABBREVIATION,CURRENT_PRICE,AMOUNT) VALUES (26,'0cQqkK1Jz1G2qas623b19','0cQ','6726.97',243);
INSERT INTO STOCKS(ID,NAME,ABBREVIATION,CURRENT_PRICE,AMOUNT) VALUES (27,'zBFMjwgFD2ddHI9i2Fhfw','zBF','14819.37',18);
INSERT INTO STOCKS(ID,NAME,ABBREVIATION,CURRENT_PRICE,AMOUNT) VALUES (28,'JaLCRzLicaG11x9OWqrOr','JaL','3190.06',268);
INSERT INTO STOCKS(ID,NAME,ABBREVIATION,CURRENT_PRICE,AMOUNT) VALUES (29,'CjOomRlI6KsAgs8gYeFPT','CjO','17081.87',803);
INSERT INTO STOCKS(ID,NAME,ABBREVIATION,CURRENT_PRICE,AMOUNT) VALUES (30,'1TzBKZC0iRlB8R9XLXqA5','1Tz','20801.71',519);
INSERT INTO STOCKS(ID,NAME,ABBREVIATION,CURRENT_PRICE,AMOUNT) VALUES (31,'Y5ew4L8QcR9yaWu5d4Gxk','Y5e','29249.64',550);
INSERT INTO STOCKS(ID,NAME,ABBREVIATION,CURRENT_PRICE,AMOUNT) VALUES (32,'mHRIUtbHmt6aBiYqArldZ','mHR','6770.72',806);
INSERT INTO STOCKS(ID,NAME,ABBREVIATION,CURRENT_PRICE,AMOUNT) VALUES (33,'vOSw6fWyxF36GXI8cfrQv','vOS','5974.5',182);
INSERT INTO STOCKS(ID,NAME,ABBREVIATION,CURRENT_PRICE,AMOUNT) VALUES (34,'MlBjKhbRpJjZTplZSZIDJ','MlB','32869.65',437);
INSERT INTO STOCKS(ID,NAME,ABBREVIATION,CURRENT_PRICE,AMOUNT) VALUES (35,'71PJtRH0V0CvRVp7B72M0','71P','9720.46',634);
INSERT INTO STOCKS(ID,NAME,ABBREVIATION,CURRENT_PRICE,AMOUNT) VALUES (36,'npBlM9fALZorM8xQcDX06','npB','33186.48',864);
INSERT INTO STOCKS(ID,NAME,ABBREVIATION,CURRENT_PRICE,AMOUNT) VALUES (37,'Zu8iPJbWjn8AG34bmU4bs','Zu8','21089.38',460);
INSERT INTO STOCKS(ID,NAME,ABBREVIATION,CURRENT_PRICE,AMOUNT) VALUES (38,'MpOvm5lUZ6LQYeNQqQ1er','MpO','14431.03',445);
INSERT INTO STOCKS(ID,NAME,ABBREVIATION,CURRENT_PRICE,AMOUNT) VALUES (39,'uWgrsdxmHsudRz3G7Awxc','uWg','28440.71',718);
COMMIT;

BEGIN;
INSERT INTO USERS(ID,FIRST_NAME, LAST_NAME, EMAIL, PASSWORD,ROLE,MONEY) VALUES(1,'ADMIN', 'ADMINOWSKI', 'admin@admin.pl', '$2a$10$y5uXgyLNutxLqDYnTu1s4OGrUWIib0qaimjC1vEBSn23lopUVzfxu', 'ADMIN', 0);
INSERT INTO USERS(ID,FIRST_NAME, LAST_NAME, EMAIL, PASSWORD,ROLE,MONEY) VALUES(2,'NAME1', 'LASTNAME1', 'FSDBH1@gmail.com', '$2a$10$y5uXgyLNutxLqDYnTu1s4OGrUWIib0qaimjC1vEBSn23lopUVzfxu', 'USER', 290);
INSERT INTO USERS(ID,FIRST_NAME, LAST_NAME, EMAIL, PASSWORD,ROLE,MONEY) VALUES(3,'NAME2', 'LASTNAME2', 'FSDBH2@gmail.com', '$2a$10$y5uXgyLNutxLqDYnTu1s4OGrUWIib0qaimjC1vEBSn23lopUVzfxu', 'USER', 4260);
INSERT INTO USERS(ID,FIRST_NAME, LAST_NAME, EMAIL, PASSWORD,ROLE,MONEY) VALUES(4,'NAME3', 'LASTNAME3', 'FSDBH3@gmail.com', '$2a$10$y5uXgyLNutxLqDYnTu1s4OGrUWIib0qaimjC1vEBSn23lopUVzfxu', 'USER', 3090);
INSERT INTO USERS(ID,FIRST_NAME, LAST_NAME, EMAIL, PASSWORD,ROLE,MONEY) VALUES(5,'NAME4', 'LASTNAME4', 'FSDBH4@gmail.com', '$2a$10$y5uXgyLNutxLqDYnTu1s4OGrUWIib0qaimjC1vEBSn23lopUVzfxu', 'USER', 4400);
INSERT INTO USERS(ID,FIRST_NAME, LAST_NAME, EMAIL, PASSWORD,ROLE,MONEY) VALUES(6,'NAME5', 'LASTNAME5', 'FSDBH5@gmail.com', '$2a$10$y5uXgyLNutxLqDYnTu1s4OGrUWIib0qaimjC1vEBSn23lopUVzfxu', 'USER', 3080);
INSERT INTO USERS(ID,FIRST_NAME, LAST_NAME, EMAIL, PASSWORD,ROLE,MONEY) VALUES(7,'NAME6', 'LASTNAME6', 'FSDBH6@gmail.com', '$2a$10$y5uXgyLNutxLqDYnTu1s4OGrUWIib0qaimjC1vEBSn23lopUVzfxu', 'USER', 2920);
INSERT INTO USERS(ID,FIRST_NAME, LAST_NAME, EMAIL, PASSWORD,ROLE,MONEY) VALUES(8,'NAME7', 'LASTNAME7', 'FSDBH7@gmail.com', '$2a$10$y5uXgyLNutxLqDYnTu1s4OGrUWIib0qaimjC1vEBSn23lopUVzfxu', 'USER', 3510);
INSERT INTO USERS(ID,FIRST_NAME, LAST_NAME, EMAIL, PASSWORD,ROLE,MONEY) VALUES(9,'NAME8', 'LASTNAME8', 'FSDBH8@gmail.com', '$2a$10$y5uXgyLNutxLqDYnTu1s4OGrUWIib0qaimjC1vEBSn23lopUVzfxu', 'USER', 270);
INSERT INTO USERS(ID,FIRST_NAME, LAST_NAME, EMAIL, PASSWORD,ROLE,MONEY) VALUES(10,'NAME9', 'LASTNAME9', 'FSDBH9@gmail.com', '$2a$10$y5uXgyLNutxLqDYnTu1s4OGrUWIib0qaimjC1vEBSn23lopUVzfxu', 'USER', 3690);
INSERT INTO USERS(ID,FIRST_NAME, LAST_NAME, EMAIL, PASSWORD,ROLE,MONEY) VALUES(11,'NAME10', 'LASTNAME10', 'FSDBH10@gmail.com', '$2a$10$y5uXgyLNutxLqDYnTu1s4OGrUWIib0qaimjC1vEBSn23lopUVzfxu', 'USER', 560);
INSERT INTO USERS(ID,FIRST_NAME, LAST_NAME, EMAIL, PASSWORD,ROLE,MONEY) VALUES(12,'NAME11', 'LASTNAME11', 'FSDBH11@gmail.com', '$2a$10$y5uXgyLNutxLqDYnTu1s4OGrUWIib0qaimjC1vEBSn23lopUVzfxu', 'USER', 840);
INSERT INTO USERS(ID,FIRST_NAME, LAST_NAME, EMAIL, PASSWORD,ROLE,MONEY) VALUES(13,'NAME12', 'LASTNAME12', 'FSDBH12@gmail.com', '$2a$10$y5uXgyLNutxLqDYnTu1s4OGrUWIib0qaimjC1vEBSn23lopUVzfxu', 'USER', 4710);
INSERT INTO USERS(ID,FIRST_NAME, LAST_NAME, EMAIL, PASSWORD,ROLE,MONEY) VALUES(14,'NAME13', 'LASTNAME13', 'FSDBH13@gmail.com', '$2a$10$y5uXgyLNutxLqDYnTu1s4OGrUWIib0qaimjC1vEBSn23lopUVzfxu', 'USER', 1740);
INSERT INTO USERS(ID,FIRST_NAME, LAST_NAME, EMAIL, PASSWORD,ROLE,MONEY) VALUES(15,'NAME14', 'LASTNAME14', 'FSDBH14@gmail.com', '$2a$10$y5uXgyLNutxLqDYnTu1s4OGrUWIib0qaimjC1vEBSn23lopUVzfxu', 'USER', 3620);
INSERT INTO USERS(ID,FIRST_NAME, LAST_NAME, EMAIL, PASSWORD,ROLE,MONEY) VALUES(16,'NAME15', 'LASTNAME15', 'FSDBH15@gmail.com', '$2a$10$y5uXgyLNutxLqDYnTu1s4OGrUWIib0qaimjC1vEBSn23lopUVzfxu', 'USER', 1150);
INSERT INTO USERS(ID,FIRST_NAME, LAST_NAME, EMAIL, PASSWORD,ROLE,MONEY) VALUES(17,'NAME16', 'LASTNAME16', 'FSDBH16@gmail.com', '$2a$10$y5uXgyLNutxLqDYnTu1s4OGrUWIib0qaimjC1vEBSn23lopUVzfxu', 'USER', 4320);
INSERT INTO USERS(ID,FIRST_NAME, LAST_NAME, EMAIL, PASSWORD,ROLE,MONEY) VALUES(18,'NAME17', 'LASTNAME17', 'FSDBH17@gmail.com', '$2a$10$y5uXgyLNutxLqDYnTu1s4OGrUWIib0qaimjC1vEBSn23lopUVzfxu', 'USER', 3350);
INSERT INTO USERS(ID,FIRST_NAME, LAST_NAME, EMAIL, PASSWORD,ROLE,MONEY) VALUES(19,'NAME18', 'LASTNAME18', 'FSDBH18@gmail.com', '$2a$10$y5uXgyLNutxLqDYnTu1s4OGrUWIib0qaimjC1vEBSn23lopUVzfxu', 'USER', 710);
INSERT INTO USERS(ID,FIRST_NAME, LAST_NAME, EMAIL, PASSWORD,ROLE,MONEY) VALUES(20,'NAME19', 'LASTNAME19', 'FSDBH19@gmail.com', '$2a$10$y5uXgyLNutxLqDYnTu1s4OGrUWIib0qaimjC1vEBSn23lopUVzfxu', 'USER', 850);
INSERT INTO USERS(ID,FIRST_NAME, LAST_NAME, EMAIL, PASSWORD,ROLE,MONEY) VALUES(21,'NAME20', 'LASTNAME20', 'FSDBH20@gmail.com', '$2a$10$y5uXgyLNutxLqDYnTu1s4OGrUWIib0qaimjC1vEBSn23lopUVzfxu', 'USER', 450);
INSERT INTO USERS(ID,FIRST_NAME, LAST_NAME, EMAIL, PASSWORD,ROLE,MONEY) VALUES(22,'NAME21', 'LASTNAME21', 'FSDBH21@gmail.com', '$2a$10$y5uXgyLNutxLqDYnTu1s4OGrUWIib0qaimjC1vEBSn23lopUVzfxu', 'USER', 750);
INSERT INTO USERS(ID,FIRST_NAME, LAST_NAME, EMAIL, PASSWORD,ROLE,MONEY) VALUES(23,'NAME22', 'LASTNAME22', 'FSDBH22@gmail.com', '$2a$10$y5uXgyLNutxLqDYnTu1s4OGrUWIib0qaimjC1vEBSn23lopUVzfxu', 'USER', 1310);
INSERT INTO USERS(ID,FIRST_NAME, LAST_NAME, EMAIL, PASSWORD,ROLE,MONEY) VALUES(24,'NAME23', 'LASTNAME23', 'FSDBH23@gmail.com', '$2a$10$y5uXgyLNutxLqDYnTu1s4OGrUWIib0qaimjC1vEBSn23lopUVzfxu', 'USER', 3230);
INSERT INTO USERS(ID,FIRST_NAME, LAST_NAME, EMAIL, PASSWORD,ROLE,MONEY) VALUES(25,'NAME24', 'LASTNAME24', 'FSDBH24@gmail.com', '$2a$10$y5uXgyLNutxLqDYnTu1s4OGrUWIib0qaimjC1vEBSn23lopUVzfxu', 'USER', 2240);
INSERT INTO USERS(ID,FIRST_NAME, LAST_NAME, EMAIL, PASSWORD,ROLE,MONEY) VALUES(26,'NAME25', 'LASTNAME25', 'FSDBH25@gmail.com', '$2a$10$y5uXgyLNutxLqDYnTu1s4OGrUWIib0qaimjC1vEBSn23lopUVzfxu', 'USER', 1000);
INSERT INTO USERS(ID,FIRST_NAME, LAST_NAME, EMAIL, PASSWORD,ROLE,MONEY) VALUES(27,'NAME26', 'LASTNAME26', 'FSDBH26@gmail.com', '$2a$10$y5uXgyLNutxLqDYnTu1s4OGrUWIib0qaimjC1vEBSn23lopUVzfxu', 'USER', 2130);
INSERT INTO USERS(ID,FIRST_NAME, LAST_NAME, EMAIL, PASSWORD,ROLE,MONEY) VALUES(28,'NAME27', 'LASTNAME27', 'FSDBH27@gmail.com', '$2a$10$y5uXgyLNutxLqDYnTu1s4OGrUWIib0qaimjC1vEBSn23lopUVzfxu', 'USER', 4740);
INSERT INTO USERS(ID,FIRST_NAME, LAST_NAME, EMAIL, PASSWORD,ROLE,MONEY) VALUES(29,'NAME28', 'LASTNAME28', 'FSDBH28@gmail.com', '$2a$10$y5uXgyLNutxLqDYnTu1s4OGrUWIib0qaimjC1vEBSn23lopUVzfxu', 'USER', 4040);
INSERT INTO USERS(ID,FIRST_NAME, LAST_NAME, EMAIL, PASSWORD,ROLE,MONEY) VALUES(30,'NAME29', 'LASTNAME29', 'FSDBH29@gmail.com', '$2a$10$y5uXgyLNutxLqDYnTu1s4OGrUWIib0qaimjC1vEBSn23lopUVzfxu', 'USER', 2920);
INSERT INTO USERS(ID,FIRST_NAME, LAST_NAME, EMAIL, PASSWORD,ROLE,MONEY) VALUES(31,'NAME30', 'LASTNAME30', 'FSDBH30@gmail.com', '$2a$10$y5uXgyLNutxLqDYnTu1s4OGrUWIib0qaimjC1vEBSn23lopUVzfxu', 'USER', 3960);
INSERT INTO USERS(ID,FIRST_NAME, LAST_NAME, EMAIL, PASSWORD,ROLE,MONEY) VALUES(32,'NAME31', 'LASTNAME31', 'FSDBH31@gmail.com', '$2a$10$y5uXgyLNutxLqDYnTu1s4OGrUWIib0qaimjC1vEBSn23lopUVzfxu', 'USER', 4760);
INSERT INTO USERS(ID,FIRST_NAME, LAST_NAME, EMAIL, PASSWORD,ROLE,MONEY) VALUES(33,'NAME32', 'LASTNAME32', 'FSDBH32@gmail.com', '$2a$10$y5uXgyLNutxLqDYnTu1s4OGrUWIib0qaimjC1vEBSn23lopUVzfxu', 'USER', 2550);
INSERT INTO USERS(ID,FIRST_NAME, LAST_NAME, EMAIL, PASSWORD,ROLE,MONEY) VALUES(34,'NAME33', 'LASTNAME33', 'FSDBH33@gmail.com', '$2a$10$y5uXgyLNutxLqDYnTu1s4OGrUWIib0qaimjC1vEBSn23lopUVzfxu', 'USER', 3990);
INSERT INTO USERS(ID,FIRST_NAME, LAST_NAME, EMAIL, PASSWORD,ROLE,MONEY) VALUES(35,'NAME34', 'LASTNAME34', 'FSDBH34@gmail.com', '$2a$10$y5uXgyLNutxLqDYnTu1s4OGrUWIib0qaimjC1vEBSn23lopUVzfxu', 'USER', 1910);
INSERT INTO USERS(ID,FIRST_NAME, LAST_NAME, EMAIL, PASSWORD,ROLE,MONEY) VALUES(36,'NAME35', 'LASTNAME35', 'FSDBH35@gmail.com', '$2a$10$y5uXgyLNutxLqDYnTu1s4OGrUWIib0qaimjC1vEBSn23lopUVzfxu', 'USER', 2910);
INSERT INTO USERS(ID,FIRST_NAME, LAST_NAME, EMAIL, PASSWORD,ROLE,MONEY) VALUES(37,'NAME36', 'LASTNAME36', 'FSDBH36@gmail.com', '$2a$10$y5uXgyLNutxLqDYnTu1s4OGrUWIib0qaimjC1vEBSn23lopUVzfxu', 'USER', 4830);
INSERT INTO USERS(ID,FIRST_NAME, LAST_NAME, EMAIL, PASSWORD,ROLE,MONEY) VALUES(38,'NAME37', 'LASTNAME37', 'FSDBH37@gmail.com', '$2a$10$y5uXgyLNutxLqDYnTu1s4OGrUWIib0qaimjC1vEBSn23lopUVzfxu', 'USER', 3370);
INSERT INTO USERS(ID,FIRST_NAME, LAST_NAME, EMAIL, PASSWORD,ROLE,MONEY) VALUES(39,'NAME38', 'LASTNAME38', 'FSDBH38@gmail.com', '$2a$10$y5uXgyLNutxLqDYnTu1s4OGrUWIib0qaimjC1vEBSn23lopUVzfxu', 'USER', 4860);
INSERT INTO USERS(ID,FIRST_NAME, LAST_NAME, EMAIL, PASSWORD,ROLE,MONEY) VALUES(40,'NAME39', 'LASTNAME39', 'FSDBH39@gmail.com', '$2a$10$y5uXgyLNutxLqDYnTu1s4OGrUWIib0qaimjC1vEBSn23lopUVzfxu', 'USER', 2210);
COMMIT;

BEGIN;
INSERT INTO RESOURCES(ID,USER_ID,STOCK_ID,AMOUNT) VALUES (1,2,1,840);
INSERT INTO RESOURCES(ID,USER_ID,STOCK_ID,AMOUNT) VALUES (2,3,2,441);
INSERT INTO RESOURCES(ID,USER_ID,STOCK_ID,AMOUNT) VALUES (3,4,3,283);
INSERT INTO RESOURCES(ID,USER_ID,STOCK_ID,AMOUNT) VALUES (4,5,4,557);
INSERT INTO RESOURCES(ID,USER_ID,STOCK_ID,AMOUNT) VALUES (5,6,5,683);
INSERT INTO RESOURCES(ID,USER_ID,STOCK_ID,AMOUNT) VALUES (6,7,6,70);
INSERT INTO RESOURCES(ID,USER_ID,STOCK_ID,AMOUNT) VALUES (7,8,7,272);
INSERT INTO RESOURCES(ID,USER_ID,STOCK_ID,AMOUNT) VALUES (8,9,8,937);
INSERT INTO RESOURCES(ID,USER_ID,STOCK_ID,AMOUNT) VALUES (9,10,9,642);
INSERT INTO RESOURCES(ID,USER_ID,STOCK_ID,AMOUNT) VALUES (10,11,10,592);
INSERT INTO RESOURCES(ID,USER_ID,STOCK_ID,AMOUNT) VALUES (11,12,11,462);
INSERT INTO RESOURCES(ID,USER_ID,STOCK_ID,AMOUNT) VALUES (12,13,12,266);
INSERT INTO RESOURCES(ID,USER_ID,STOCK_ID,AMOUNT) VALUES (13,14,13,332);
INSERT INTO RESOURCES(ID,USER_ID,STOCK_ID,AMOUNT) VALUES (14,15,14,720);
INSERT INTO RESOURCES(ID,USER_ID,STOCK_ID,AMOUNT) VALUES (15,16,15,721);
INSERT INTO RESOURCES(ID,USER_ID,STOCK_ID,AMOUNT) VALUES (16,17,16,748);
INSERT INTO RESOURCES(ID,USER_ID,STOCK_ID,AMOUNT) VALUES (17,18,17,35);
INSERT INTO RESOURCES(ID,USER_ID,STOCK_ID,AMOUNT) VALUES (18,19,18,878);
INSERT INTO RESOURCES(ID,USER_ID,STOCK_ID,AMOUNT) VALUES (19,20,19,369);
INSERT INTO RESOURCES(ID,USER_ID,STOCK_ID,AMOUNT) VALUES (20,21,20,934);
INSERT INTO RESOURCES(ID,USER_ID,STOCK_ID,AMOUNT) VALUES (21,22,21,131);
INSERT INTO RESOURCES(ID,USER_ID,STOCK_ID,AMOUNT) VALUES (22,23,22,270);
INSERT INTO RESOURCES(ID,USER_ID,STOCK_ID,AMOUNT) VALUES (23,24,23,721);
INSERT INTO RESOURCES(ID,USER_ID,STOCK_ID,AMOUNT) VALUES (24,25,24,352);
INSERT INTO RESOURCES(ID,USER_ID,STOCK_ID,AMOUNT) VALUES (25,26,25,865);
INSERT INTO RESOURCES(ID,USER_ID,STOCK_ID,AMOUNT) VALUES (26,27,26,243);
INSERT INTO RESOURCES(ID,USER_ID,STOCK_ID,AMOUNT) VALUES (27,28,27,18);
INSERT INTO RESOURCES(ID,USER_ID,STOCK_ID,AMOUNT) VALUES (28,29,28,268);
INSERT INTO RESOURCES(ID,USER_ID,STOCK_ID,AMOUNT) VALUES (29,30,29,803);
INSERT INTO RESOURCES(ID,USER_ID,STOCK_ID,AMOUNT) VALUES (30,31,30,519);
INSERT INTO RESOURCES(ID,USER_ID,STOCK_ID,AMOUNT) VALUES (31,32,31,550);
INSERT INTO RESOURCES(ID,USER_ID,STOCK_ID,AMOUNT) VALUES (32,33,32,806);
INSERT INTO RESOURCES(ID,USER_ID,STOCK_ID,AMOUNT) VALUES (33,34,33,182);
INSERT INTO RESOURCES(ID,USER_ID,STOCK_ID,AMOUNT) VALUES (34,35,34,437);
INSERT INTO RESOURCES(ID,USER_ID,STOCK_ID,AMOUNT) VALUES (35,36,35,634);
INSERT INTO RESOURCES(ID,USER_ID,STOCK_ID,AMOUNT) VALUES (36,37,36,864);
INSERT INTO RESOURCES(ID,USER_ID,STOCK_ID,AMOUNT) VALUES (37,38,37,460);
INSERT INTO RESOURCES(ID,USER_ID,STOCK_ID,AMOUNT) VALUES (38,39,38,445);
INSERT INTO RESOURCES(ID,USER_ID,STOCK_ID,AMOUNT) VALUES (39,40,39,718);
COMMIT;
