BEGIN;
DELETE FROM TRANSACTIONS;
DELETE FROM ARCHIVED_ORDERS;
DELETE FROM ORDERS;
DELETE FROM RESOURCES;
DELETE FROM STOCK_INDEX_VALUES;
DELETE FROM STOCKS;
DELETE FROM USERS;
COMMIT;

BEGIN;
INSERT INTO STOCKS(ID,NAME,ABBREVIATION,CURRENT_PRICE,AMOUNT) VALUES (1,'bRM4tB0XqlCC4qFuwjL5H','bRM','14287.97',840);
INSERT INTO STOCKS(ID,NAME,ABBREVIATION,CURRENT_PRICE,AMOUNT) VALUES (2,'oLsexMRGyvWrKzSLed7Zx','oLs','32355.12',441);
INSERT INTO STOCKS(ID,NAME,ABBREVIATION,CURRENT_PRICE,AMOUNT) VALUES (3,'O5cUUl2puJpmPQyVII8cy','O5c','31257.48',283);
INSERT INTO STOCKS(ID,NAME,ABBREVIATION,CURRENT_PRICE,AMOUNT) VALUES (4,'eC0zwABuJrSSko2AjWoB0','eC0','25855.71',557);
INSERT INTO STOCKS(ID,NAME,ABBREVIATION,CURRENT_PRICE,AMOUNT) VALUES (5,'F4ZwG4Dppa3oZxJwOr5Pe','F4Z','18200.74',683);
INSERT INTO STOCKS(ID,NAME,ABBREVIATION,CURRENT_PRICE,AMOUNT) VALUES (6,'TMF9PKOjDCKtySyjrfswC','TMF','2481.7',70);
INSERT INTO STOCKS(ID,NAME,ABBREVIATION,CURRENT_PRICE,AMOUNT) VALUES (7,'SkNemFVjVVLnVofKwsiJ3','SkN','810.4',272);
INSERT INTO STOCKS(ID,NAME,ABBREVIATION,CURRENT_PRICE,AMOUNT) VALUES (8,'T7lHN1cyxIRVd2hhr3yKX','T7l','20639.41',937);
INSERT INTO STOCKS(ID,NAME,ABBREVIATION,CURRENT_PRICE,AMOUNT) VALUES (9,'8DBqjotc2DZ2cfzrsIF2M','8DB','2170.47',642);
INSERT INTO STOCKS(ID,NAME,ABBREVIATION,CURRENT_PRICE,AMOUNT) VALUES (10,'kPqJ30EbormJEN7FafQMl','kPq','17362.37',592);
INSERT INTO STOCKS(ID,NAME,ABBREVIATION,CURRENT_PRICE,AMOUNT) VALUES (11,'QY90AD4yIpUwUiIVdj9mU','QY9','26233.84',462);
INSERT INTO STOCKS(ID,NAME,ABBREVIATION,CURRENT_PRICE,AMOUNT) VALUES (12,'VRzzlc2nRmkvXEyYchgId','VRz','14833.8',266);
INSERT INTO STOCKS(ID,NAME,ABBREVIATION,CURRENT_PRICE,AMOUNT) VALUES (13,'OxsaIVcq0LK7KOvPgcfd8','Oxs','11403.72',332);
INSERT INTO STOCKS(ID,NAME,ABBREVIATION,CURRENT_PRICE,AMOUNT) VALUES (14,'4hECvqRqmhGpzJQLqdRfB','4hE','26460.91',720);
INSERT INTO STOCKS(ID,NAME,ABBREVIATION,CURRENT_PRICE,AMOUNT) VALUES (15,'N4HlwNTv3ncpewjd3D31I','N4H','23089.19',721);
INSERT INTO STOCKS(ID,NAME,ABBREVIATION,CURRENT_PRICE,AMOUNT) VALUES (16,'Y0XyMz3mRbBwVOcrfZQOn','Y0X','936',748);
INSERT INTO STOCKS(ID,NAME,ABBREVIATION,CURRENT_PRICE,AMOUNT) VALUES (17,'E0yMM7mkUvKOJiOUyGr62','E0y','6773.02',35);
INSERT INTO STOCKS(ID,NAME,ABBREVIATION,CURRENT_PRICE,AMOUNT) VALUES (18,'VQXHRc2V36aPVfm3VcTue','VQX','27077.07',878);
INSERT INTO STOCKS(ID,NAME,ABBREVIATION,CURRENT_PRICE,AMOUNT) VALUES (19,'PHssh0ZgpqKZW67iGlK3O','PHs','16216.46',369);
INSERT INTO STOCKS(ID,NAME,ABBREVIATION,CURRENT_PRICE,AMOUNT) VALUES (20,'xtYOkPuhDzhibSlg0w7G3','xtY','3416.24',934);
INSERT INTO STOCKS(ID,NAME,ABBREVIATION,CURRENT_PRICE,AMOUNT) VALUES (21,'6HvBqj4jmLDfcOuN2ffou','6Hv','2842.26',131);
INSERT INTO STOCKS(ID,NAME,ABBREVIATION,CURRENT_PRICE,AMOUNT) VALUES (22,'j6s6GIwY8Q2OmbYVMdPio','j6s','3712.97',270);
INSERT INTO STOCKS(ID,NAME,ABBREVIATION,CURRENT_PRICE,AMOUNT) VALUES (23,'pK1KW4JawssPv00Ru57sp','pK1','14322.3',721);
INSERT INTO STOCKS(ID,NAME,ABBREVIATION,CURRENT_PRICE,AMOUNT) VALUES (24,'7DfpTMLh1jf7qAcyghmoF','7Df','29877.87',352);
INSERT INTO STOCKS(ID,NAME,ABBREVIATION,CURRENT_PRICE,AMOUNT) VALUES (25,'dG8dpAMljguThanEdLOjm','dG8','2121.51',865);
INSERT INTO STOCKS(ID,NAME,ABBREVIATION,CURRENT_PRICE,AMOUNT) VALUES (26,'0cQqkK1Jz1G2qas623b19','0cQ','6726.97',243);
INSERT INTO STOCKS(ID,NAME,ABBREVIATION,CURRENT_PRICE,AMOUNT) VALUES (27,'zBFMjwgFD2ddHI9i2Fhfw','zBF','14819.37',18);
INSERT INTO STOCKS(ID,NAME,ABBREVIATION,CURRENT_PRICE,AMOUNT) VALUES (28,'JaLCRzLicaG11x9OWqrOr','JaL','3190.06',268);
INSERT INTO STOCKS(ID,NAME,ABBREVIATION,CURRENT_PRICE,AMOUNT) VALUES (29,'CjOomRlI6KsAgs8gYeFPT','CjO','17081.87',803);
INSERT INTO STOCKS(ID,NAME,ABBREVIATION,CURRENT_PRICE,AMOUNT) VALUES (30,'1TzBKZC0iRlB8R9XLXqA5','1Tz','20801.71',519);
INSERT INTO STOCKS(ID,NAME,ABBREVIATION,CURRENT_PRICE,AMOUNT) VALUES (31,'Y5ew4L8QcR9yaWu5d4Gxk','Y5e','29249.64',550);
INSERT INTO STOCKS(ID,NAME,ABBREVIATION,CURRENT_PRICE,AMOUNT) VALUES (32,'mHRIUtbHmt6aBiYqArldZ','mHR','6770.72',806);
INSERT INTO STOCKS(ID,NAME,ABBREVIATION,CURRENT_PRICE,AMOUNT) VALUES (33,'vOSw6fWyxF36GXI8cfrQv','vOS','5974.5',182);
INSERT INTO STOCKS(ID,NAME,ABBREVIATION,CURRENT_PRICE,AMOUNT) VALUES (34,'MlBjKhbRpJjZTplZSZIDJ','MlB','32869.65',437);
INSERT INTO STOCKS(ID,NAME,ABBREVIATION,CURRENT_PRICE,AMOUNT) VALUES (35,'71PJtRH0V0CvRVp7B72M0','71P','9720.46',634);
INSERT INTO STOCKS(ID,NAME,ABBREVIATION,CURRENT_PRICE,AMOUNT) VALUES (36,'npBlM9fALZorM8xQcDX06','npB','33186.48',864);
INSERT INTO STOCKS(ID,NAME,ABBREVIATION,CURRENT_PRICE,AMOUNT) VALUES (37,'Zu8iPJbWjn8AG34bmU4bs','Zu8','21089.38',460);
INSERT INTO STOCKS(ID,NAME,ABBREVIATION,CURRENT_PRICE,AMOUNT) VALUES (38,'MpOvm5lUZ6LQYeNQqQ1er','MpO','14431.03',445);
INSERT INTO STOCKS(ID,NAME,ABBREVIATION,CURRENT_PRICE,AMOUNT) VALUES (39,'uWgrsdxmHsudRz3G7Awxc','uWg','28440.71',718);
SELECT setval('STOCK_SEQUENCE', MAX(id)) FROM STOCKS;
COMMIT;

BEGIN;
INSERT INTO USERS(ID,FIRST_NAME, LAST_NAME, EMAIL, PASSWORD,ROLE,MONEY) VALUES(1,'ADMIN', 'ADMINOWSKI', 'admin@admin.pl', '$2a$10$y5uXgyLNutxLqDYnTu1s4OGrUWIib0qaimjC1vEBSn23lopUVzfxu', 'ADMIN', 0);
INSERT INTO USERS(ID,FIRST_NAME, LAST_NAME, EMAIL, PASSWORD,ROLE,MONEY) VALUES(2,'NAME1', 'LASTNAME1', 'FSDBH1@gmail.com', '$2a$10$y5uXgyLNutxLqDYnTu1s4OGrUWIib0qaimjC1vEBSn23lopUVzfxu', 'USER', 290);
INSERT INTO USERS(ID,FIRST_NAME, LAST_NAME, EMAIL, PASSWORD,ROLE,MONEY) VALUES(3,'NAME2', 'LASTNAME2', 'FSDBH2@gmail.com', '$2a$10$y5uXgyLNutxLqDYnTu1s4OGrUWIib0qaimjC1vEBSn23lopUVzfxu', 'USER', 4260);
INSERT INTO USERS(ID,FIRST_NAME, LAST_NAME, EMAIL, PASSWORD,ROLE,MONEY) VALUES(4,'NAME3', 'LASTNAME3', 'FSDBH3@gmail.com', '$2a$10$y5uXgyLNutxLqDYnTu1s4OGrUWIib0qaimjC1vEBSn23lopUVzfxu', 'USER', 3090);
INSERT INTO USERS(ID,FIRST_NAME, LAST_NAME, EMAIL, PASSWORD,ROLE,MONEY) VALUES(5,'NAME4', 'LASTNAME4', 'FSDBH4@gmail.com', '$2a$10$y5uXgyLNutxLqDYnTu1s4OGrUWIib0qaimjC1vEBSn23lopUVzfxu', 'USER', 4400);
INSERT INTO USERS(ID,FIRST_NAME, LAST_NAME, EMAIL, PASSWORD,ROLE,MONEY) VALUES(6,'NAME5', 'LASTNAME5', 'FSDBH5@gmail.com', '$2a$10$y5uXgyLNutxLqDYnTu1s4OGrUWIib0qaimjC1vEBSn23lopUVzfxu', 'USER', 3080);
INSERT INTO USERS(ID,FIRST_NAME, LAST_NAME, EMAIL, PASSWORD,ROLE,MONEY) VALUES(7,'NAME6', 'LASTNAME6', 'FSDBH6@gmail.com', '$2a$10$y5uXgyLNutxLqDYnTu1s4OGrUWIib0qaimjC1vEBSn23lopUVzfxu', 'USER', 2920);
INSERT INTO USERS(ID,FIRST_NAME, LAST_NAME, EMAIL, PASSWORD,ROLE,MONEY) VALUES(8,'NAME7', 'LASTNAME7', 'FSDBH7@gmail.com', '$2a$10$y5uXgyLNutxLqDYnTu1s4OGrUWIib0qaimjC1vEBSn23lopUVzfxu', 'USER', 3510);
INSERT INTO USERS(ID,FIRST_NAME, LAST_NAME, EMAIL, PASSWORD,ROLE,MONEY) VALUES(9,'NAME8', 'LASTNAME8', 'FSDBH8@gmail.com', '$2a$10$y5uXgyLNutxLqDYnTu1s4OGrUWIib0qaimjC1vEBSn23lopUVzfxu', 'USER', 270);
INSERT INTO USERS(ID,FIRST_NAME, LAST_NAME, EMAIL, PASSWORD,ROLE,MONEY) VALUES(10,'NAME9', 'LASTNAME9', 'FSDBH9@gmail.com', '$2a$10$y5uXgyLNutxLqDYnTu1s4OGrUWIib0qaimjC1vEBSn23lopUVzfxu', 'USER', 3690);
INSERT INTO USERS(ID,FIRST_NAME, LAST_NAME, EMAIL, PASSWORD,ROLE,MONEY) VALUES(11,'NAME10', 'LASTNAME10', 'FSDBH10@gmail.com', '$2a$10$y5uXgyLNutxLqDYnTu1s4OGrUWIib0qaimjC1vEBSn23lopUVzfxu', 'USER', 560);
INSERT INTO USERS(ID,FIRST_NAME, LAST_NAME, EMAIL, PASSWORD,ROLE,MONEY) VALUES(12,'NAME11', 'LASTNAME11', 'FSDBH11@gmail.com', '$2a$10$y5uXgyLNutxLqDYnTu1s4OGrUWIib0qaimjC1vEBSn23lopUVzfxu', 'USER', 840);
INSERT INTO USERS(ID,FIRST_NAME, LAST_NAME, EMAIL, PASSWORD,ROLE,MONEY) VALUES(13,'NAME12', 'LASTNAME12', 'FSDBH12@gmail.com', '$2a$10$y5uXgyLNutxLqDYnTu1s4OGrUWIib0qaimjC1vEBSn23lopUVzfxu', 'USER', 4710);
INSERT INTO USERS(ID,FIRST_NAME, LAST_NAME, EMAIL, PASSWORD,ROLE,MONEY) VALUES(14,'NAME13', 'LASTNAME13', 'FSDBH13@gmail.com', '$2a$10$y5uXgyLNutxLqDYnTu1s4OGrUWIib0qaimjC1vEBSn23lopUVzfxu', 'USER', 1740);
INSERT INTO USERS(ID,FIRST_NAME, LAST_NAME, EMAIL, PASSWORD,ROLE,MONEY) VALUES(15,'NAME14', 'LASTNAME14', 'FSDBH14@gmail.com', '$2a$10$y5uXgyLNutxLqDYnTu1s4OGrUWIib0qaimjC1vEBSn23lopUVzfxu', 'USER', 3620);
INSERT INTO USERS(ID,FIRST_NAME, LAST_NAME, EMAIL, PASSWORD,ROLE,MONEY) VALUES(16,'NAME15', 'LASTNAME15', 'FSDBH15@gmail.com', '$2a$10$y5uXgyLNutxLqDYnTu1s4OGrUWIib0qaimjC1vEBSn23lopUVzfxu', 'USER', 1150);
INSERT INTO USERS(ID,FIRST_NAME, LAST_NAME, EMAIL, PASSWORD,ROLE,MONEY) VALUES(17,'NAME16', 'LASTNAME16', 'FSDBH16@gmail.com', '$2a$10$y5uXgyLNutxLqDYnTu1s4OGrUWIib0qaimjC1vEBSn23lopUVzfxu', 'USER', 4320);
INSERT INTO USERS(ID,FIRST_NAME, LAST_NAME, EMAIL, PASSWORD,ROLE,MONEY) VALUES(18,'NAME17', 'LASTNAME17', 'FSDBH17@gmail.com', '$2a$10$y5uXgyLNutxLqDYnTu1s4OGrUWIib0qaimjC1vEBSn23lopUVzfxu', 'USER', 3350);
INSERT INTO USERS(ID,FIRST_NAME, LAST_NAME, EMAIL, PASSWORD,ROLE,MONEY) VALUES(19,'NAME18', 'LASTNAME18', 'FSDBH18@gmail.com', '$2a$10$y5uXgyLNutxLqDYnTu1s4OGrUWIib0qaimjC1vEBSn23lopUVzfxu', 'USER', 710);
INSERT INTO USERS(ID,FIRST_NAME, LAST_NAME, EMAIL, PASSWORD,ROLE,MONEY) VALUES(20,'NAME19', 'LASTNAME19', 'FSDBH19@gmail.com', '$2a$10$y5uXgyLNutxLqDYnTu1s4OGrUWIib0qaimjC1vEBSn23lopUVzfxu', 'USER', 850);
INSERT INTO USERS(ID,FIRST_NAME, LAST_NAME, EMAIL, PASSWORD,ROLE,MONEY) VALUES(21,'NAME20', 'LASTNAME20', 'FSDBH20@gmail.com', '$2a$10$y5uXgyLNutxLqDYnTu1s4OGrUWIib0qaimjC1vEBSn23lopUVzfxu', 'USER', 450);
INSERT INTO USERS(ID,FIRST_NAME, LAST_NAME, EMAIL, PASSWORD,ROLE,MONEY) VALUES(22,'NAME21', 'LASTNAME21', 'FSDBH21@gmail.com', '$2a$10$y5uXgyLNutxLqDYnTu1s4OGrUWIib0qaimjC1vEBSn23lopUVzfxu', 'USER', 750);
INSERT INTO USERS(ID,FIRST_NAME, LAST_NAME, EMAIL, PASSWORD,ROLE,MONEY) VALUES(23,'NAME22', 'LASTNAME22', 'FSDBH22@gmail.com', '$2a$10$y5uXgyLNutxLqDYnTu1s4OGrUWIib0qaimjC1vEBSn23lopUVzfxu', 'USER', 1310);
INSERT INTO USERS(ID,FIRST_NAME, LAST_NAME, EMAIL, PASSWORD,ROLE,MONEY) VALUES(24,'NAME23', 'LASTNAME23', 'FSDBH23@gmail.com', '$2a$10$y5uXgyLNutxLqDYnTu1s4OGrUWIib0qaimjC1vEBSn23lopUVzfxu', 'USER', 3230);
INSERT INTO USERS(ID,FIRST_NAME, LAST_NAME, EMAIL, PASSWORD,ROLE,MONEY) VALUES(25,'NAME24', 'LASTNAME24', 'FSDBH24@gmail.com', '$2a$10$y5uXgyLNutxLqDYnTu1s4OGrUWIib0qaimjC1vEBSn23lopUVzfxu', 'USER', 2240);
INSERT INTO USERS(ID,FIRST_NAME, LAST_NAME, EMAIL, PASSWORD,ROLE,MONEY) VALUES(26,'NAME25', 'LASTNAME25', 'FSDBH25@gmail.com', '$2a$10$y5uXgyLNutxLqDYnTu1s4OGrUWIib0qaimjC1vEBSn23lopUVzfxu', 'USER', 1000);
INSERT INTO USERS(ID,FIRST_NAME, LAST_NAME, EMAIL, PASSWORD,ROLE,MONEY) VALUES(27,'NAME26', 'LASTNAME26', 'FSDBH26@gmail.com', '$2a$10$y5uXgyLNutxLqDYnTu1s4OGrUWIib0qaimjC1vEBSn23lopUVzfxu', 'USER', 2130);
INSERT INTO USERS(ID,FIRST_NAME, LAST_NAME, EMAIL, PASSWORD,ROLE,MONEY) VALUES(28,'NAME27', 'LASTNAME27', 'FSDBH27@gmail.com', '$2a$10$y5uXgyLNutxLqDYnTu1s4OGrUWIib0qaimjC1vEBSn23lopUVzfxu', 'USER', 4740);
INSERT INTO USERS(ID,FIRST_NAME, LAST_NAME, EMAIL, PASSWORD,ROLE,MONEY) VALUES(29,'NAME28', 'LASTNAME28', 'FSDBH28@gmail.com', '$2a$10$y5uXgyLNutxLqDYnTu1s4OGrUWIib0qaimjC1vEBSn23lopUVzfxu', 'USER', 4040);
INSERT INTO USERS(ID,FIRST_NAME, LAST_NAME, EMAIL, PASSWORD,ROLE,MONEY) VALUES(30,'NAME29', 'LASTNAME29', 'FSDBH29@gmail.com', '$2a$10$y5uXgyLNutxLqDYnTu1s4OGrUWIib0qaimjC1vEBSn23lopUVzfxu', 'USER', 2920);
INSERT INTO USERS(ID,FIRST_NAME, LAST_NAME, EMAIL, PASSWORD,ROLE,MONEY) VALUES(31,'NAME30', 'LASTNAME30', 'FSDBH30@gmail.com', '$2a$10$y5uXgyLNutxLqDYnTu1s4OGrUWIib0qaimjC1vEBSn23lopUVzfxu', 'USER', 3960);
INSERT INTO USERS(ID,FIRST_NAME, LAST_NAME, EMAIL, PASSWORD,ROLE,MONEY) VALUES(32,'NAME31', 'LASTNAME31', 'FSDBH31@gmail.com', '$2a$10$y5uXgyLNutxLqDYnTu1s4OGrUWIib0qaimjC1vEBSn23lopUVzfxu', 'USER', 4760);
INSERT INTO USERS(ID,FIRST_NAME, LAST_NAME, EMAIL, PASSWORD,ROLE,MONEY) VALUES(33,'NAME32', 'LASTNAME32', 'FSDBH32@gmail.com', '$2a$10$y5uXgyLNutxLqDYnTu1s4OGrUWIib0qaimjC1vEBSn23lopUVzfxu', 'USER', 2550);
INSERT INTO USERS(ID,FIRST_NAME, LAST_NAME, EMAIL, PASSWORD,ROLE,MONEY) VALUES(34,'NAME33', 'LASTNAME33', 'FSDBH33@gmail.com', '$2a$10$y5uXgyLNutxLqDYnTu1s4OGrUWIib0qaimjC1vEBSn23lopUVzfxu', 'USER', 3990);
INSERT INTO USERS(ID,FIRST_NAME, LAST_NAME, EMAIL, PASSWORD,ROLE,MONEY) VALUES(35,'NAME34', 'LASTNAME34', 'FSDBH34@gmail.com', '$2a$10$y5uXgyLNutxLqDYnTu1s4OGrUWIib0qaimjC1vEBSn23lopUVzfxu', 'USER', 1910);
INSERT INTO USERS(ID,FIRST_NAME, LAST_NAME, EMAIL, PASSWORD,ROLE,MONEY) VALUES(36,'NAME35', 'LASTNAME35', 'FSDBH35@gmail.com', '$2a$10$y5uXgyLNutxLqDYnTu1s4OGrUWIib0qaimjC1vEBSn23lopUVzfxu', 'USER', 2910);
INSERT INTO USERS(ID,FIRST_NAME, LAST_NAME, EMAIL, PASSWORD,ROLE,MONEY) VALUES(37,'NAME36', 'LASTNAME36', 'FSDBH36@gmail.com', '$2a$10$y5uXgyLNutxLqDYnTu1s4OGrUWIib0qaimjC1vEBSn23lopUVzfxu', 'USER', 4830);
INSERT INTO USERS(ID,FIRST_NAME, LAST_NAME, EMAIL, PASSWORD,ROLE,MONEY) VALUES(38,'NAME37', 'LASTNAME37', 'FSDBH37@gmail.com', '$2a$10$y5uXgyLNutxLqDYnTu1s4OGrUWIib0qaimjC1vEBSn23lopUVzfxu', 'USER', 3370);
INSERT INTO USERS(ID,FIRST_NAME, LAST_NAME, EMAIL, PASSWORD,ROLE,MONEY) VALUES(39,'NAME38', 'LASTNAME38', 'FSDBH38@gmail.com', '$2a$10$y5uXgyLNutxLqDYnTu1s4OGrUWIib0qaimjC1vEBSn23lopUVzfxu', 'USER', 4860);
INSERT INTO USERS(ID,FIRST_NAME, LAST_NAME, EMAIL, PASSWORD,ROLE,MONEY) VALUES(40,'NAME39', 'LASTNAME39', 'FSDBH39@gmail.com', '$2a$10$y5uXgyLNutxLqDYnTu1s4OGrUWIib0qaimjC1vEBSn23lopUVzfxu', 'USER', 2210);
SELECT setval('USER_SEQUENCE', MAX(id)) FROM USERS;
COMMIT;

BEGIN;
INSERT INTO RESOURCES(ID,USER_ID,STOCK_ID,AMOUNT) VALUES (1,2,1,840);
INSERT INTO RESOURCES(ID,USER_ID,STOCK_ID,AMOUNT) VALUES (2,3,2,441);
INSERT INTO RESOURCES(ID,USER_ID,STOCK_ID,AMOUNT) VALUES (3,4,3,283);
INSERT INTO RESOURCES(ID,USER_ID,STOCK_ID,AMOUNT) VALUES (4,5,4,557);
INSERT INTO RESOURCES(ID,USER_ID,STOCK_ID,AMOUNT) VALUES (5,6,5,683);
INSERT INTO RESOURCES(ID,USER_ID,STOCK_ID,AMOUNT) VALUES (6,7,6,70);
INSERT INTO RESOURCES(ID,USER_ID,STOCK_ID,AMOUNT) VALUES (7,8,7,272);
INSERT INTO RESOURCES(ID,USER_ID,STOCK_ID,AMOUNT) VALUES (8,9,8,937);
INSERT INTO RESOURCES(ID,USER_ID,STOCK_ID,AMOUNT) VALUES (9,10,9,642);
INSERT INTO RESOURCES(ID,USER_ID,STOCK_ID,AMOUNT) VALUES (10,11,10,592);
INSERT INTO RESOURCES(ID,USER_ID,STOCK_ID,AMOUNT) VALUES (11,12,11,462);
INSERT INTO RESOURCES(ID,USER_ID,STOCK_ID,AMOUNT) VALUES (12,13,12,266);
INSERT INTO RESOURCES(ID,USER_ID,STOCK_ID,AMOUNT) VALUES (13,14,13,332);
INSERT INTO RESOURCES(ID,USER_ID,STOCK_ID,AMOUNT) VALUES (14,15,14,720);
INSERT INTO RESOURCES(ID,USER_ID,STOCK_ID,AMOUNT) VALUES (15,16,15,721);
INSERT INTO RESOURCES(ID,USER_ID,STOCK_ID,AMOUNT) VALUES (16,17,16,748);
INSERT INTO RESOURCES(ID,USER_ID,STOCK_ID,AMOUNT) VALUES (17,18,17,35);
INSERT INTO RESOURCES(ID,USER_ID,STOCK_ID,AMOUNT) VALUES (18,19,18,878);
INSERT INTO RESOURCES(ID,USER_ID,STOCK_ID,AMOUNT) VALUES (19,20,19,369);
INSERT INTO RESOURCES(ID,USER_ID,STOCK_ID,AMOUNT) VALUES (20,21,20,934);
INSERT INTO RESOURCES(ID,USER_ID,STOCK_ID,AMOUNT) VALUES (21,22,21,131);
INSERT INTO RESOURCES(ID,USER_ID,STOCK_ID,AMOUNT) VALUES (22,23,22,270);
INSERT INTO RESOURCES(ID,USER_ID,STOCK_ID,AMOUNT) VALUES (23,24,23,721);
INSERT INTO RESOURCES(ID,USER_ID,STOCK_ID,AMOUNT) VALUES (24,25,24,352);
INSERT INTO RESOURCES(ID,USER_ID,STOCK_ID,AMOUNT) VALUES (25,26,25,865);
INSERT INTO RESOURCES(ID,USER_ID,STOCK_ID,AMOUNT) VALUES (26,27,26,243);
INSERT INTO RESOURCES(ID,USER_ID,STOCK_ID,AMOUNT) VALUES (27,28,27,18);
INSERT INTO RESOURCES(ID,USER_ID,STOCK_ID,AMOUNT) VALUES (28,29,28,268);
INSERT INTO RESOURCES(ID,USER_ID,STOCK_ID,AMOUNT) VALUES (29,30,29,803);
INSERT INTO RESOURCES(ID,USER_ID,STOCK_ID,AMOUNT) VALUES (30,31,30,519);
INSERT INTO RESOURCES(ID,USER_ID,STOCK_ID,AMOUNT) VALUES (31,32,31,550);
INSERT INTO RESOURCES(ID,USER_ID,STOCK_ID,AMOUNT) VALUES (32,33,32,806);
INSERT INTO RESOURCES(ID,USER_ID,STOCK_ID,AMOUNT) VALUES (33,34,33,182);
INSERT INTO RESOURCES(ID,USER_ID,STOCK_ID,AMOUNT) VALUES (34,35,34,437);
INSERT INTO RESOURCES(ID,USER_ID,STOCK_ID,AMOUNT) VALUES (35,36,35,634);
INSERT INTO RESOURCES(ID,USER_ID,STOCK_ID,AMOUNT) VALUES (36,37,36,864);
INSERT INTO RESOURCES(ID,USER_ID,STOCK_ID,AMOUNT) VALUES (37,38,37,460);
INSERT INTO RESOURCES(ID,USER_ID,STOCK_ID,AMOUNT) VALUES (38,39,38,445);
INSERT INTO RESOURCES(ID,USER_ID,STOCK_ID,AMOUNT) VALUES (39,40,39,718);
SELECT setval('RESOURCE_SEQUENCE', MAX(id)) FROM RESOURCES;
COMMIT;

BEGIN;
INSERT INTO ORDERS (USER_ID, STOCK_ID, AMOUNT, REMAINING_AMOUNT, TYPE, PRICE_TYPE, PRICE, DATE_CREATION, DATE_EXPIRATION) VALUES (2, 1, 5, 5, 'SELLING_ORDER', 'GREATER_OR_EQUAL', 6.27, CURRENT_TIMESTAMP, CURRENT_TIMESTAMP + INTERVAL '3 days');
INSERT INTO ORDERS (USER_ID, STOCK_ID, AMOUNT, REMAINING_AMOUNT, TYPE, PRICE_TYPE, PRICE, DATE_CREATION, DATE_EXPIRATION) VALUES (2, 1, 5, 5, 'SELLING_ORDER', 'GREATER_OR_EQUAL', 6.27, CURRENT_TIMESTAMP, CURRENT_TIMESTAMP + INTERVAL '3 days');
INSERT INTO ORDERS (USER_ID, STOCK_ID, AMOUNT, REMAINING_AMOUNT, TYPE, PRICE_TYPE, PRICE, DATE_CREATION, DATE_EXPIRATION) VALUES (2, 1, 5, 5, 'SELLING_ORDER', 'GREATER_OR_EQUAL', 6.27, CURRENT_TIMESTAMP, CURRENT_TIMESTAMP + INTERVAL '3 days');
INSERT INTO ORDERS (USER_ID, STOCK_ID, AMOUNT, REMAINING_AMOUNT, TYPE, PRICE_TYPE, PRICE, DATE_CREATION, DATE_EXPIRATION) VALUES (2, 1, 5, 5, 'SELLING_ORDER', 'GREATER_OR_EQUAL', 6.27, CURRENT_TIMESTAMP, CURRENT_TIMESTAMP + INTERVAL '3 days');
INSERT INTO ORDERS (USER_ID, STOCK_ID, AMOUNT, REMAINING_AMOUNT, TYPE, PRICE_TYPE, PRICE, DATE_CREATION, DATE_EXPIRATION) VALUES (2, 1, 5, 5, 'SELLING_ORDER', 'GREATER_OR_EQUAL', 6.27, CURRENT_TIMESTAMP, CURRENT_TIMESTAMP + INTERVAL '3 days');
INSERT INTO ORDERS (USER_ID, STOCK_ID, AMOUNT, REMAINING_AMOUNT, TYPE, PRICE_TYPE, PRICE, DATE_CREATION, DATE_EXPIRATION) VALUES (2, 1, 5, 5, 'SELLING_ORDER', 'GREATER_OR_EQUAL', 6.27, CURRENT_TIMESTAMP, CURRENT_TIMESTAMP + INTERVAL '3 days');
INSERT INTO ORDERS (USER_ID, STOCK_ID, AMOUNT, REMAINING_AMOUNT, TYPE, PRICE_TYPE, PRICE, DATE_CREATION, DATE_EXPIRATION) VALUES (2, 1, 5, 5, 'SELLING_ORDER', 'GREATER_OR_EQUAL', 6.27, CURRENT_TIMESTAMP, CURRENT_TIMESTAMP + INTERVAL '3 days');
INSERT INTO ORDERS (USER_ID, STOCK_ID, AMOUNT, REMAINING_AMOUNT, TYPE, PRICE_TYPE, PRICE, DATE_CREATION, DATE_EXPIRATION) VALUES (2, 1, 5, 5, 'SELLING_ORDER', 'GREATER_OR_EQUAL', 6.27, CURRENT_TIMESTAMP, CURRENT_TIMESTAMP + INTERVAL '3 days');
INSERT INTO ORDERS (USER_ID, STOCK_ID, AMOUNT, REMAINING_AMOUNT, TYPE, PRICE_TYPE, PRICE, DATE_CREATION, DATE_EXPIRATION) VALUES (2, 1, 5, 5, 'SELLING_ORDER', 'GREATER_OR_EQUAL', 6.27, CURRENT_TIMESTAMP, CURRENT_TIMESTAMP + INTERVAL '3 days');
INSERT INTO ORDERS (USER_ID, STOCK_ID, AMOUNT, REMAINING_AMOUNT, TYPE, PRICE_TYPE, PRICE, DATE_CREATION, DATE_EXPIRATION) VALUES (2, 1, 5, 5, 'SELLING_ORDER', 'GREATER_OR_EQUAL', 6.27, CURRENT_TIMESTAMP, CURRENT_TIMESTAMP + INTERVAL '3 days');
INSERT INTO ORDERS (USER_ID, STOCK_ID, AMOUNT, REMAINING_AMOUNT, TYPE, PRICE_TYPE, PRICE, DATE_CREATION, DATE_EXPIRATION) VALUES (2, 1, 5, 5, 'SELLING_ORDER', 'GREATER_OR_EQUAL', 6.27, CURRENT_TIMESTAMP, CURRENT_TIMESTAMP + INTERVAL '3 days');
INSERT INTO ORDERS (USER_ID, STOCK_ID, AMOUNT, REMAINING_AMOUNT, TYPE, PRICE_TYPE, PRICE, DATE_CREATION, DATE_EXPIRATION) VALUES (2, 1, 5, 5, 'SELLING_ORDER', 'GREATER_OR_EQUAL', 6.27, CURRENT_TIMESTAMP, CURRENT_TIMESTAMP + INTERVAL '3 days');
INSERT INTO ORDERS (USER_ID, STOCK_ID, AMOUNT, REMAINING_AMOUNT, TYPE, PRICE_TYPE, PRICE, DATE_CREATION, DATE_EXPIRATION) VALUES (2, 1, 5, 5, 'SELLING_ORDER', 'GREATER_OR_EQUAL', 6.27, CURRENT_TIMESTAMP, CURRENT_TIMESTAMP + INTERVAL '3 days');
INSERT INTO ORDERS (USER_ID, STOCK_ID, AMOUNT, REMAINING_AMOUNT, TYPE, PRICE_TYPE, PRICE, DATE_CREATION, DATE_EXPIRATION) VALUES (2, 1, 5, 5, 'SELLING_ORDER', 'GREATER_OR_EQUAL', 6.27, CURRENT_TIMESTAMP, CURRENT_TIMESTAMP + INTERVAL '3 days');
INSERT INTO ORDERS (USER_ID, STOCK_ID, AMOUNT, REMAINING_AMOUNT, TYPE, PRICE_TYPE, PRICE, DATE_CREATION, DATE_EXPIRATION) VALUES (2, 1, 5, 5, 'SELLING_ORDER', 'GREATER_OR_EQUAL', 6.27, CURRENT_TIMESTAMP, CURRENT_TIMESTAMP + INTERVAL '3 days');
INSERT INTO ORDERS (USER_ID, STOCK_ID, AMOUNT, REMAINING_AMOUNT, TYPE, PRICE_TYPE, PRICE, DATE_CREATION, DATE_EXPIRATION) VALUES (2, 1, 5, 5, 'SELLING_ORDER', 'GREATER_OR_EQUAL', 6.27, CURRENT_TIMESTAMP, CURRENT_TIMESTAMP + INTERVAL '3 days');
INSERT INTO ORDERS (USER_ID, STOCK_ID, AMOUNT, REMAINING_AMOUNT, TYPE, PRICE_TYPE, PRICE, DATE_CREATION, DATE_EXPIRATION) VALUES (2, 1, 5, 5, 'SELLING_ORDER', 'GREATER_OR_EQUAL', 6.27, CURRENT_TIMESTAMP, CURRENT_TIMESTAMP + INTERVAL '3 days');
INSERT INTO ORDERS (USER_ID, STOCK_ID, AMOUNT, REMAINING_AMOUNT, TYPE, PRICE_TYPE, PRICE, DATE_CREATION, DATE_EXPIRATION) VALUES (2, 1, 5, 5, 'SELLING_ORDER', 'GREATER_OR_EQUAL', 6.27, CURRENT_TIMESTAMP, CURRENT_TIMESTAMP + INTERVAL '3 days');
INSERT INTO ORDERS (USER_ID, STOCK_ID, AMOUNT, REMAINING_AMOUNT, TYPE, PRICE_TYPE, PRICE, DATE_CREATION, DATE_EXPIRATION) VALUES (2, 1, 5, 5, 'SELLING_ORDER', 'GREATER_OR_EQUAL', 6.27, CURRENT_TIMESTAMP, CURRENT_TIMESTAMP + INTERVAL '3 days');
INSERT INTO ORDERS (USER_ID, STOCK_ID, AMOUNT, REMAINING_AMOUNT, TYPE, PRICE_TYPE, PRICE, DATE_CREATION, DATE_EXPIRATION) VALUES (2, 1, 5, 5, 'SELLING_ORDER', 'GREATER_OR_EQUAL', 6.27, CURRENT_TIMESTAMP, CURRENT_TIMESTAMP + INTERVAL '3 days');
INSERT INTO ORDERS (USER_ID, STOCK_ID, AMOUNT, REMAINING_AMOUNT, TYPE, PRICE_TYPE, PRICE, DATE_CREATION, DATE_EXPIRATION) VALUES (2, 1, 5, 5, 'SELLING_ORDER', 'GREATER_OR_EQUAL', 6.27, CURRENT_TIMESTAMP, CURRENT_TIMESTAMP + INTERVAL '3 days');
INSERT INTO ORDERS (USER_ID, STOCK_ID, AMOUNT, REMAINING_AMOUNT, TYPE, PRICE_TYPE, PRICE, DATE_CREATION, DATE_EXPIRATION) VALUES (2, 1, 5, 5, 'SELLING_ORDER', 'GREATER_OR_EQUAL', 6.27, CURRENT_TIMESTAMP, CURRENT_TIMESTAMP + INTERVAL '3 days');
INSERT INTO ORDERS (USER_ID, STOCK_ID, AMOUNT, REMAINING_AMOUNT, TYPE, PRICE_TYPE, PRICE, DATE_CREATION, DATE_EXPIRATION) VALUES (2, 1, 5, 5, 'SELLING_ORDER', 'GREATER_OR_EQUAL', 6.27, CURRENT_TIMESTAMP, CURRENT_TIMESTAMP + INTERVAL '3 days');
INSERT INTO ORDERS (USER_ID, STOCK_ID, AMOUNT, REMAINING_AMOUNT, TYPE, PRICE_TYPE, PRICE, DATE_CREATION, DATE_EXPIRATION) VALUES (2, 1, 5, 5, 'SELLING_ORDER', 'GREATER_OR_EQUAL', 6.27, CURRENT_TIMESTAMP, CURRENT_TIMESTAMP + INTERVAL '3 days');
INSERT INTO ORDERS (USER_ID, STOCK_ID, AMOUNT, REMAINING_AMOUNT, TYPE, PRICE_TYPE, PRICE, DATE_CREATION, DATE_EXPIRATION) VALUES (2, 1, 5, 5, 'SELLING_ORDER', 'GREATER_OR_EQUAL', 6.27, CURRENT_TIMESTAMP, CURRENT_TIMESTAMP + INTERVAL '3 days');
INSERT INTO ORDERS (USER_ID, STOCK_ID, AMOUNT, REMAINING_AMOUNT, TYPE, PRICE_TYPE, PRICE, DATE_CREATION, DATE_EXPIRATION) VALUES (2, 1, 5, 5, 'SELLING_ORDER', 'GREATER_OR_EQUAL', 6.27, CURRENT_TIMESTAMP, CURRENT_TIMESTAMP + INTERVAL '3 days');
INSERT INTO ORDERS (USER_ID, STOCK_ID, AMOUNT, REMAINING_AMOUNT, TYPE, PRICE_TYPE, PRICE, DATE_CREATION, DATE_EXPIRATION) VALUES (2, 1, 5, 5, 'SELLING_ORDER', 'GREATER_OR_EQUAL', 6.27, CURRENT_TIMESTAMP, CURRENT_TIMESTAMP + INTERVAL '3 days');
INSERT INTO ORDERS (USER_ID, STOCK_ID, AMOUNT, REMAINING_AMOUNT, TYPE, PRICE_TYPE, PRICE, DATE_CREATION, DATE_EXPIRATION) VALUES (2, 1, 5, 5, 'SELLING_ORDER', 'GREATER_OR_EQUAL', 6.27, CURRENT_TIMESTAMP, CURRENT_TIMESTAMP + INTERVAL '3 days');
INSERT INTO ORDERS (USER_ID, STOCK_ID, AMOUNT, REMAINING_AMOUNT, TYPE, PRICE_TYPE, PRICE, DATE_CREATION, DATE_EXPIRATION) VALUES (2, 1, 5, 5, 'SELLING_ORDER', 'GREATER_OR_EQUAL', 6.27, CURRENT_TIMESTAMP, CURRENT_TIMESTAMP + INTERVAL '3 days');
INSERT INTO ORDERS (USER_ID, STOCK_ID, AMOUNT, REMAINING_AMOUNT, TYPE, PRICE_TYPE, PRICE, DATE_CREATION, DATE_EXPIRATION) VALUES (2, 1, 5, 5, 'SELLING_ORDER', 'GREATER_OR_EQUAL', 6.27, CURRENT_TIMESTAMP, CURRENT_TIMESTAMP + INTERVAL '3 days');
INSERT INTO ORDERS (USER_ID, STOCK_ID, AMOUNT, REMAINING_AMOUNT, TYPE, PRICE_TYPE, PRICE, DATE_CREATION, DATE_EXPIRATION) VALUES (2, 1, 5, 5, 'SELLING_ORDER', 'GREATER_OR_EQUAL', 6.27, CURRENT_TIMESTAMP, CURRENT_TIMESTAMP + INTERVAL '3 days');
INSERT INTO ORDERS (USER_ID, STOCK_ID, AMOUNT, REMAINING_AMOUNT, TYPE, PRICE_TYPE, PRICE, DATE_CREATION, DATE_EXPIRATION) VALUES (2, 1, 5, 5, 'SELLING_ORDER', 'GREATER_OR_EQUAL', 6.27, CURRENT_TIMESTAMP, CURRENT_TIMESTAMP + INTERVAL '3 days');
INSERT INTO ORDERS (USER_ID, STOCK_ID, AMOUNT, REMAINING_AMOUNT, TYPE, PRICE_TYPE, PRICE, DATE_CREATION, DATE_EXPIRATION) VALUES (2, 1, 5, 5, 'SELLING_ORDER', 'GREATER_OR_EQUAL', 6.27, CURRENT_TIMESTAMP, CURRENT_TIMESTAMP + INTERVAL '3 days');
INSERT INTO ORDERS (USER_ID, STOCK_ID, AMOUNT, REMAINING_AMOUNT, TYPE, PRICE_TYPE, PRICE, DATE_CREATION, DATE_EXPIRATION) VALUES (2, 1, 5, 5, 'SELLING_ORDER', 'GREATER_OR_EQUAL', 6.27, CURRENT_TIMESTAMP, CURRENT_TIMESTAMP + INTERVAL '3 days');
INSERT INTO ORDERS (USER_ID, STOCK_ID, AMOUNT, REMAINING_AMOUNT, TYPE, PRICE_TYPE, PRICE, DATE_CREATION, DATE_EXPIRATION) VALUES (2, 1, 5, 5, 'SELLING_ORDER', 'GREATER_OR_EQUAL', 6.27, CURRENT_TIMESTAMP, CURRENT_TIMESTAMP + INTERVAL '3 days');
INSERT INTO ORDERS (USER_ID, STOCK_ID, AMOUNT, REMAINING_AMOUNT, TYPE, PRICE_TYPE, PRICE, DATE_CREATION, DATE_EXPIRATION) VALUES (2, 1, 5, 5, 'SELLING_ORDER', 'GREATER_OR_EQUAL', 6.27, CURRENT_TIMESTAMP, CURRENT_TIMESTAMP + INTERVAL '3 days');
INSERT INTO ORDERS (USER_ID, STOCK_ID, AMOUNT, REMAINING_AMOUNT, TYPE, PRICE_TYPE, PRICE, DATE_CREATION, DATE_EXPIRATION) VALUES (2, 1, 5, 5, 'SELLING_ORDER', 'GREATER_OR_EQUAL', 6.27, CURRENT_TIMESTAMP, CURRENT_TIMESTAMP + INTERVAL '3 days');
INSERT INTO ORDERS (USER_ID, STOCK_ID, AMOUNT, REMAINING_AMOUNT, TYPE, PRICE_TYPE, PRICE, DATE_CREATION, DATE_EXPIRATION) VALUES (2, 1, 5, 5, 'SELLING_ORDER', 'GREATER_OR_EQUAL', 6.27, CURRENT_TIMESTAMP, CURRENT_TIMESTAMP + INTERVAL '3 days');
INSERT INTO ORDERS (USER_ID, STOCK_ID, AMOUNT, REMAINING_AMOUNT, TYPE, PRICE_TYPE, PRICE, DATE_CREATION, DATE_EXPIRATION) VALUES (2, 1, 5, 5, 'SELLING_ORDER', 'GREATER_OR_EQUAL', 6.27, CURRENT_TIMESTAMP, CURRENT_TIMESTAMP + INTERVAL '3 days');
INSERT INTO ORDERS (USER_ID, STOCK_ID, AMOUNT, REMAINING_AMOUNT, TYPE, PRICE_TYPE, PRICE, DATE_CREATION, DATE_EXPIRATION) VALUES (2, 1, 5, 5, 'SELLING_ORDER', 'GREATER_OR_EQUAL', 6.27, CURRENT_TIMESTAMP, CURRENT_TIMESTAMP + INTERVAL '3 days');
INSERT INTO ORDERS (USER_ID, STOCK_ID, AMOUNT, REMAINING_AMOUNT, TYPE, PRICE_TYPE, PRICE, DATE_CREATION, DATE_EXPIRATION) VALUES (2, 1, 5, 5, 'SELLING_ORDER', 'GREATER_OR_EQUAL', 6.27, CURRENT_TIMESTAMP, CURRENT_TIMESTAMP + INTERVAL '3 days');
INSERT INTO ORDERS (USER_ID, STOCK_ID, AMOUNT, REMAINING_AMOUNT, TYPE, PRICE_TYPE, PRICE, DATE_CREATION, DATE_EXPIRATION) VALUES (2, 1, 5, 5, 'SELLING_ORDER', 'GREATER_OR_EQUAL', 6.27, CURRENT_TIMESTAMP, CURRENT_TIMESTAMP + INTERVAL '3 days');
INSERT INTO ORDERS (USER_ID, STOCK_ID, AMOUNT, REMAINING_AMOUNT, TYPE, PRICE_TYPE, PRICE, DATE_CREATION, DATE_EXPIRATION) VALUES (2, 1, 210, 210, 'SELLING_ORDER', 'GREATER_OR_EQUAL', 1.08, CURRENT_TIMESTAMP, CURRENT_TIMESTAMP + INTERVAL '3 days');
INSERT INTO ORDERS (USER_ID, STOCK_ID, AMOUNT, REMAINING_AMOUNT, TYPE, PRICE_TYPE, PRICE, DATE_CREATION, DATE_EXPIRATION) VALUES (2, 1, 210, 210, 'SELLING_ORDER', 'GREATER_OR_EQUAL', 2.96, CURRENT_TIMESTAMP, CURRENT_TIMESTAMP + INTERVAL '3 days');
INSERT INTO ORDERS (USER_ID, STOCK_ID, AMOUNT, REMAINING_AMOUNT, TYPE, PRICE_TYPE, PRICE, DATE_CREATION, DATE_EXPIRATION) VALUES (3, 2, 110, 110, 'SELLING_ORDER', 'GREATER_OR_EQUAL', 4.50, CURRENT_TIMESTAMP, CURRENT_TIMESTAMP + INTERVAL '3 days');
INSERT INTO ORDERS (USER_ID, STOCK_ID, AMOUNT, REMAINING_AMOUNT, TYPE, PRICE_TYPE, PRICE, DATE_CREATION, DATE_EXPIRATION) VALUES (3, 2, 110, 110, 'SELLING_ORDER', 'GREATER_OR_EQUAL', 6.47, CURRENT_TIMESTAMP, CURRENT_TIMESTAMP + INTERVAL '3 days');
INSERT INTO ORDERS (USER_ID, STOCK_ID, AMOUNT, REMAINING_AMOUNT, TYPE, PRICE_TYPE, PRICE, DATE_CREATION, DATE_EXPIRATION) VALUES (3, 2, 110, 110, 'SELLING_ORDER', 'GREATER_OR_EQUAL', 7.59, CURRENT_TIMESTAMP, CURRENT_TIMESTAMP + INTERVAL '3 days');
INSERT INTO ORDERS (USER_ID, STOCK_ID, AMOUNT, REMAINING_AMOUNT, TYPE, PRICE_TYPE, PRICE, DATE_CREATION, DATE_EXPIRATION) VALUES (4, 3, 70, 70, 'SELLING_ORDER', 'GREATER_OR_EQUAL', 7.31, CURRENT_TIMESTAMP, CURRENT_TIMESTAMP + INTERVAL '3 days');
INSERT INTO ORDERS (USER_ID, STOCK_ID, AMOUNT, REMAINING_AMOUNT, TYPE, PRICE_TYPE, PRICE, DATE_CREATION, DATE_EXPIRATION) VALUES (4, 3, 70, 70, 'SELLING_ORDER', 'GREATER_OR_EQUAL', 7.45, CURRENT_TIMESTAMP, CURRENT_TIMESTAMP + INTERVAL '3 days');
INSERT INTO ORDERS (USER_ID, STOCK_ID, AMOUNT, REMAINING_AMOUNT, TYPE, PRICE_TYPE, PRICE, DATE_CREATION, DATE_EXPIRATION) VALUES (4, 3, 70, 70, 'SELLING_ORDER', 'GREATER_OR_EQUAL', 7.03, CURRENT_TIMESTAMP, CURRENT_TIMESTAMP + INTERVAL '3 days');
INSERT INTO ORDERS (USER_ID, STOCK_ID, AMOUNT, REMAINING_AMOUNT, TYPE, PRICE_TYPE, PRICE, DATE_CREATION, DATE_EXPIRATION) VALUES (5, 4, 139, 139, 'SELLING_ORDER', 'GREATER_OR_EQUAL', 8.09, CURRENT_TIMESTAMP, CURRENT_TIMESTAMP + INTERVAL '3 days');
INSERT INTO ORDERS (USER_ID, STOCK_ID, AMOUNT, REMAINING_AMOUNT, TYPE, PRICE_TYPE, PRICE, DATE_CREATION, DATE_EXPIRATION) VALUES (5, 4, 139, 139, 'SELLING_ORDER', 'GREATER_OR_EQUAL', 2.64, CURRENT_TIMESTAMP, CURRENT_TIMESTAMP + INTERVAL '3 days');
INSERT INTO ORDERS (USER_ID, STOCK_ID, AMOUNT, REMAINING_AMOUNT, TYPE, PRICE_TYPE, PRICE, DATE_CREATION, DATE_EXPIRATION) VALUES (5, 4, 139, 139, 'SELLING_ORDER', 'GREATER_OR_EQUAL', 5.76, CURRENT_TIMESTAMP, CURRENT_TIMESTAMP + INTERVAL '3 days');
INSERT INTO ORDERS (USER_ID, STOCK_ID, AMOUNT, REMAINING_AMOUNT, TYPE, PRICE_TYPE, PRICE, DATE_CREATION, DATE_EXPIRATION) VALUES (6, 5, 170, 170, 'SELLING_ORDER', 'GREATER_OR_EQUAL', 6.97, CURRENT_TIMESTAMP, CURRENT_TIMESTAMP + INTERVAL '3 days');
INSERT INTO ORDERS (USER_ID, STOCK_ID, AMOUNT, REMAINING_AMOUNT, TYPE, PRICE_TYPE, PRICE, DATE_CREATION, DATE_EXPIRATION) VALUES (6, 5, 170, 170, 'SELLING_ORDER', 'GREATER_OR_EQUAL', 1.67, CURRENT_TIMESTAMP, CURRENT_TIMESTAMP + INTERVAL '3 days');
INSERT INTO ORDERS (USER_ID, STOCK_ID, AMOUNT, REMAINING_AMOUNT, TYPE, PRICE_TYPE, PRICE, DATE_CREATION, DATE_EXPIRATION) VALUES (6, 5, 170, 170, 'SELLING_ORDER', 'GREATER_OR_EQUAL', 4.21, CURRENT_TIMESTAMP, CURRENT_TIMESTAMP + INTERVAL '3 days');
INSERT INTO ORDERS (USER_ID, STOCK_ID, AMOUNT, REMAINING_AMOUNT, TYPE, PRICE_TYPE, PRICE, DATE_CREATION, DATE_EXPIRATION) VALUES (7, 6, 17, 17, 'SELLING_ORDER', 'GREATER_OR_EQUAL', 4.81, CURRENT_TIMESTAMP, CURRENT_TIMESTAMP + INTERVAL '3 days');
INSERT INTO ORDERS (USER_ID, STOCK_ID, AMOUNT, REMAINING_AMOUNT, TYPE, PRICE_TYPE, PRICE, DATE_CREATION, DATE_EXPIRATION) VALUES (7, 6, 17, 17, 'SELLING_ORDER', 'GREATER_OR_EQUAL', 9.99, CURRENT_TIMESTAMP, CURRENT_TIMESTAMP + INTERVAL '3 days');
INSERT INTO ORDERS (USER_ID, STOCK_ID, AMOUNT, REMAINING_AMOUNT, TYPE, PRICE_TYPE, PRICE, DATE_CREATION, DATE_EXPIRATION) VALUES (7, 6, 17, 17, 'SELLING_ORDER', 'GREATER_OR_EQUAL', 3.65, CURRENT_TIMESTAMP, CURRENT_TIMESTAMP + INTERVAL '3 days');
INSERT INTO ORDERS (USER_ID, STOCK_ID, AMOUNT, REMAINING_AMOUNT, TYPE, PRICE_TYPE, PRICE, DATE_CREATION, DATE_EXPIRATION) VALUES (8, 7, 68, 68, 'SELLING_ORDER', 'GREATER_OR_EQUAL', 3.13, CURRENT_TIMESTAMP, CURRENT_TIMESTAMP + INTERVAL '3 days');
INSERT INTO ORDERS (USER_ID, STOCK_ID, AMOUNT, REMAINING_AMOUNT, TYPE, PRICE_TYPE, PRICE, DATE_CREATION, DATE_EXPIRATION) VALUES (8, 7, 68, 68, 'SELLING_ORDER', 'GREATER_OR_EQUAL', 6.04, CURRENT_TIMESTAMP, CURRENT_TIMESTAMP + INTERVAL '3 days');
INSERT INTO ORDERS (USER_ID, STOCK_ID, AMOUNT, REMAINING_AMOUNT, TYPE, PRICE_TYPE, PRICE, DATE_CREATION, DATE_EXPIRATION) VALUES (8, 7, 68, 68, 'SELLING_ORDER', 'GREATER_OR_EQUAL', 5.48, CURRENT_TIMESTAMP, CURRENT_TIMESTAMP + INTERVAL '3 days');
INSERT INTO ORDERS (USER_ID, STOCK_ID, AMOUNT, REMAINING_AMOUNT, TYPE, PRICE_TYPE, PRICE, DATE_CREATION, DATE_EXPIRATION) VALUES (9, 8, 234, 234, 'SELLING_ORDER', 'GREATER_OR_EQUAL', 2.95, CURRENT_TIMESTAMP, CURRENT_TIMESTAMP + INTERVAL '3 days');
INSERT INTO ORDERS (USER_ID, STOCK_ID, AMOUNT, REMAINING_AMOUNT, TYPE, PRICE_TYPE, PRICE, DATE_CREATION, DATE_EXPIRATION) VALUES (9, 8, 234, 234, 'SELLING_ORDER', 'GREATER_OR_EQUAL', 6.91, CURRENT_TIMESTAMP, CURRENT_TIMESTAMP + INTERVAL '3 days');
INSERT INTO ORDERS (USER_ID, STOCK_ID, AMOUNT, REMAINING_AMOUNT, TYPE, PRICE_TYPE, PRICE, DATE_CREATION, DATE_EXPIRATION) VALUES (9, 8, 234, 234, 'SELLING_ORDER', 'GREATER_OR_EQUAL', 4.83, CURRENT_TIMESTAMP, CURRENT_TIMESTAMP + INTERVAL '3 days');
INSERT INTO ORDERS (USER_ID, STOCK_ID, AMOUNT, REMAINING_AMOUNT, TYPE, PRICE_TYPE, PRICE, DATE_CREATION, DATE_EXPIRATION) VALUES (10, 9, 160, 160, 'SELLING_ORDER', 'GREATER_OR_EQUAL', 2.23, CURRENT_TIMESTAMP, CURRENT_TIMESTAMP + INTERVAL '3 days');
INSERT INTO ORDERS (USER_ID, STOCK_ID, AMOUNT, REMAINING_AMOUNT, TYPE, PRICE_TYPE, PRICE, DATE_CREATION, DATE_EXPIRATION) VALUES (10, 9, 160, 160, 'SELLING_ORDER', 'GREATER_OR_EQUAL', 3.67, CURRENT_TIMESTAMP, CURRENT_TIMESTAMP + INTERVAL '3 days');
INSERT INTO ORDERS (USER_ID, STOCK_ID, AMOUNT, REMAINING_AMOUNT, TYPE, PRICE_TYPE, PRICE, DATE_CREATION, DATE_EXPIRATION) VALUES (10, 9, 160, 160, 'SELLING_ORDER', 'GREATER_OR_EQUAL', 6.92, CURRENT_TIMESTAMP, CURRENT_TIMESTAMP + INTERVAL '3 days');
INSERT INTO ORDERS (USER_ID, STOCK_ID, AMOUNT, REMAINING_AMOUNT, TYPE, PRICE_TYPE, PRICE, DATE_CREATION, DATE_EXPIRATION) VALUES (11, 10, 148, 148, 'SELLING_ORDER', 'GREATER_OR_EQUAL', 8.78, CURRENT_TIMESTAMP, CURRENT_TIMESTAMP + INTERVAL '3 days');
INSERT INTO ORDERS (USER_ID, STOCK_ID, AMOUNT, REMAINING_AMOUNT, TYPE, PRICE_TYPE, PRICE, DATE_CREATION, DATE_EXPIRATION) VALUES (11, 10, 148, 148, 'SELLING_ORDER', 'GREATER_OR_EQUAL', 1.10, CURRENT_TIMESTAMP, CURRENT_TIMESTAMP + INTERVAL '3 days');
INSERT INTO ORDERS (USER_ID, STOCK_ID, AMOUNT, REMAINING_AMOUNT, TYPE, PRICE_TYPE, PRICE, DATE_CREATION, DATE_EXPIRATION) VALUES (11, 10, 148, 148, 'SELLING_ORDER', 'GREATER_OR_EQUAL', 7.39, CURRENT_TIMESTAMP, CURRENT_TIMESTAMP + INTERVAL '3 days');
INSERT INTO ORDERS (USER_ID, STOCK_ID, AMOUNT, REMAINING_AMOUNT, TYPE, PRICE_TYPE, PRICE, DATE_CREATION, DATE_EXPIRATION) VALUES (12, 11, 115, 115, 'SELLING_ORDER', 'GREATER_OR_EQUAL', 1.56, CURRENT_TIMESTAMP, CURRENT_TIMESTAMP + INTERVAL '3 days');
INSERT INTO ORDERS (USER_ID, STOCK_ID, AMOUNT, REMAINING_AMOUNT, TYPE, PRICE_TYPE, PRICE, DATE_CREATION, DATE_EXPIRATION) VALUES (12, 11, 115, 115, 'SELLING_ORDER', 'GREATER_OR_EQUAL', 7.71, CURRENT_TIMESTAMP, CURRENT_TIMESTAMP + INTERVAL '3 days');
INSERT INTO ORDERS (USER_ID, STOCK_ID, AMOUNT, REMAINING_AMOUNT, TYPE, PRICE_TYPE, PRICE, DATE_CREATION, DATE_EXPIRATION) VALUES (12, 11, 115, 115, 'SELLING_ORDER', 'GREATER_OR_EQUAL', 1.53, CURRENT_TIMESTAMP, CURRENT_TIMESTAMP + INTERVAL '3 days');
INSERT INTO ORDERS (USER_ID, STOCK_ID, AMOUNT, REMAINING_AMOUNT, TYPE, PRICE_TYPE, PRICE, DATE_CREATION, DATE_EXPIRATION) VALUES (13, 12, 66, 66, 'SELLING_ORDER', 'GREATER_OR_EQUAL', 4.09, CURRENT_TIMESTAMP, CURRENT_TIMESTAMP + INTERVAL '3 days');
INSERT INTO ORDERS (USER_ID, STOCK_ID, AMOUNT, REMAINING_AMOUNT, TYPE, PRICE_TYPE, PRICE, DATE_CREATION, DATE_EXPIRATION) VALUES (13, 12, 66, 66, 'SELLING_ORDER', 'GREATER_OR_EQUAL', 1.33, CURRENT_TIMESTAMP, CURRENT_TIMESTAMP + INTERVAL '3 days');
INSERT INTO ORDERS (USER_ID, STOCK_ID, AMOUNT, REMAINING_AMOUNT, TYPE, PRICE_TYPE, PRICE, DATE_CREATION, DATE_EXPIRATION) VALUES (13, 12, 66, 66, 'SELLING_ORDER', 'GREATER_OR_EQUAL', 1.54, CURRENT_TIMESTAMP, CURRENT_TIMESTAMP + INTERVAL '3 days');
INSERT INTO ORDERS (USER_ID, STOCK_ID, AMOUNT, REMAINING_AMOUNT, TYPE, PRICE_TYPE, PRICE, DATE_CREATION, DATE_EXPIRATION) VALUES (14, 13, 83, 83, 'SELLING_ORDER', 'GREATER_OR_EQUAL', 9.22, CURRENT_TIMESTAMP, CURRENT_TIMESTAMP + INTERVAL '3 days');
INSERT INTO ORDERS (USER_ID, STOCK_ID, AMOUNT, REMAINING_AMOUNT, TYPE, PRICE_TYPE, PRICE, DATE_CREATION, DATE_EXPIRATION) VALUES (14, 13, 83, 83, 'SELLING_ORDER', 'GREATER_OR_EQUAL', 3.08, CURRENT_TIMESTAMP, CURRENT_TIMESTAMP + INTERVAL '3 days');
INSERT INTO ORDERS (USER_ID, STOCK_ID, AMOUNT, REMAINING_AMOUNT, TYPE, PRICE_TYPE, PRICE, DATE_CREATION, DATE_EXPIRATION) VALUES (14, 13, 83, 83, 'SELLING_ORDER', 'GREATER_OR_EQUAL', 8.83, CURRENT_TIMESTAMP, CURRENT_TIMESTAMP + INTERVAL '3 days');
INSERT INTO ORDERS (USER_ID, STOCK_ID, AMOUNT, REMAINING_AMOUNT, TYPE, PRICE_TYPE, PRICE, DATE_CREATION, DATE_EXPIRATION) VALUES (15, 14, 180, 180, 'SELLING_ORDER', 'GREATER_OR_EQUAL', 9.72, CURRENT_TIMESTAMP, CURRENT_TIMESTAMP + INTERVAL '3 days');
INSERT INTO ORDERS (USER_ID, STOCK_ID, AMOUNT, REMAINING_AMOUNT, TYPE, PRICE_TYPE, PRICE, DATE_CREATION, DATE_EXPIRATION) VALUES (15, 14, 180, 180, 'SELLING_ORDER', 'GREATER_OR_EQUAL', 5.58, CURRENT_TIMESTAMP, CURRENT_TIMESTAMP + INTERVAL '3 days');
INSERT INTO ORDERS (USER_ID, STOCK_ID, AMOUNT, REMAINING_AMOUNT, TYPE, PRICE_TYPE, PRICE, DATE_CREATION, DATE_EXPIRATION) VALUES (15, 14, 180, 180, 'SELLING_ORDER', 'GREATER_OR_EQUAL', 2.26, CURRENT_TIMESTAMP, CURRENT_TIMESTAMP + INTERVAL '3 days');
INSERT INTO ORDERS (USER_ID, STOCK_ID, AMOUNT, REMAINING_AMOUNT, TYPE, PRICE_TYPE, PRICE, DATE_CREATION, DATE_EXPIRATION) VALUES (16, 15, 180, 180, 'SELLING_ORDER', 'GREATER_OR_EQUAL', 5.41, CURRENT_TIMESTAMP, CURRENT_TIMESTAMP + INTERVAL '3 days');
INSERT INTO ORDERS (USER_ID, STOCK_ID, AMOUNT, REMAINING_AMOUNT, TYPE, PRICE_TYPE, PRICE, DATE_CREATION, DATE_EXPIRATION) VALUES (16, 15, 180, 180, 'SELLING_ORDER', 'GREATER_OR_EQUAL', 9.91, CURRENT_TIMESTAMP, CURRENT_TIMESTAMP + INTERVAL '3 days');
INSERT INTO ORDERS (USER_ID, STOCK_ID, AMOUNT, REMAINING_AMOUNT, TYPE, PRICE_TYPE, PRICE, DATE_CREATION, DATE_EXPIRATION) VALUES (16, 15, 180, 180, 'SELLING_ORDER', 'GREATER_OR_EQUAL', 5.42, CURRENT_TIMESTAMP, CURRENT_TIMESTAMP + INTERVAL '3 days');
INSERT INTO ORDERS (USER_ID, STOCK_ID, AMOUNT, REMAINING_AMOUNT, TYPE, PRICE_TYPE, PRICE, DATE_CREATION, DATE_EXPIRATION) VALUES (17, 16, 187, 187, 'SELLING_ORDER', 'GREATER_OR_EQUAL', 5.76, CURRENT_TIMESTAMP, CURRENT_TIMESTAMP + INTERVAL '3 days');
INSERT INTO ORDERS (USER_ID, STOCK_ID, AMOUNT, REMAINING_AMOUNT, TYPE, PRICE_TYPE, PRICE, DATE_CREATION, DATE_EXPIRATION) VALUES (17, 16, 187, 187, 'SELLING_ORDER', 'GREATER_OR_EQUAL', 5.91, CURRENT_TIMESTAMP, CURRENT_TIMESTAMP + INTERVAL '3 days');
INSERT INTO ORDERS (USER_ID, STOCK_ID, AMOUNT, REMAINING_AMOUNT, TYPE, PRICE_TYPE, PRICE, DATE_CREATION, DATE_EXPIRATION) VALUES (17, 16, 187, 187, 'SELLING_ORDER', 'GREATER_OR_EQUAL', 1.77, CURRENT_TIMESTAMP, CURRENT_TIMESTAMP + INTERVAL '3 days');
INSERT INTO ORDERS (USER_ID, STOCK_ID, AMOUNT, REMAINING_AMOUNT, TYPE, PRICE_TYPE, PRICE, DATE_CREATION, DATE_EXPIRATION) VALUES (18, 17, 8, 8, 'SELLING_ORDER', 'GREATER_OR_EQUAL', 9.47, CURRENT_TIMESTAMP, CURRENT_TIMESTAMP + INTERVAL '3 days');
INSERT INTO ORDERS (USER_ID, STOCK_ID, AMOUNT, REMAINING_AMOUNT, TYPE, PRICE_TYPE, PRICE, DATE_CREATION, DATE_EXPIRATION) VALUES (18, 17, 8, 8, 'SELLING_ORDER', 'GREATER_OR_EQUAL', 6.23, CURRENT_TIMESTAMP, CURRENT_TIMESTAMP + INTERVAL '3 days');
INSERT INTO ORDERS (USER_ID, STOCK_ID, AMOUNT, REMAINING_AMOUNT, TYPE, PRICE_TYPE, PRICE, DATE_CREATION, DATE_EXPIRATION) VALUES (18, 17, 8, 8, 'SELLING_ORDER', 'GREATER_OR_EQUAL', 3.83, CURRENT_TIMESTAMP, CURRENT_TIMESTAMP + INTERVAL '3 days');
INSERT INTO ORDERS (USER_ID, STOCK_ID, AMOUNT, REMAINING_AMOUNT, TYPE, PRICE_TYPE, PRICE, DATE_CREATION, DATE_EXPIRATION) VALUES (19, 18, 219, 219, 'SELLING_ORDER', 'GREATER_OR_EQUAL', 4.41, CURRENT_TIMESTAMP, CURRENT_TIMESTAMP + INTERVAL '3 days');
INSERT INTO ORDERS (USER_ID, STOCK_ID, AMOUNT, REMAINING_AMOUNT, TYPE, PRICE_TYPE, PRICE, DATE_CREATION, DATE_EXPIRATION) VALUES (19, 18, 219, 219, 'SELLING_ORDER', 'GREATER_OR_EQUAL', 3.53, CURRENT_TIMESTAMP, CURRENT_TIMESTAMP + INTERVAL '3 days');
INSERT INTO ORDERS (USER_ID, STOCK_ID, AMOUNT, REMAINING_AMOUNT, TYPE, PRICE_TYPE, PRICE, DATE_CREATION, DATE_EXPIRATION) VALUES (19, 18, 219, 219, 'SELLING_ORDER', 'GREATER_OR_EQUAL', 8.17, CURRENT_TIMESTAMP, CURRENT_TIMESTAMP + INTERVAL '3 days');
INSERT INTO ORDERS (USER_ID, STOCK_ID, AMOUNT, REMAINING_AMOUNT, TYPE, PRICE_TYPE, PRICE, DATE_CREATION, DATE_EXPIRATION) VALUES (20, 19, 92, 92, 'SELLING_ORDER', 'GREATER_OR_EQUAL', 9.18, CURRENT_TIMESTAMP, CURRENT_TIMESTAMP + INTERVAL '3 days');
INSERT INTO ORDERS (USER_ID, STOCK_ID, AMOUNT, REMAINING_AMOUNT, TYPE, PRICE_TYPE, PRICE, DATE_CREATION, DATE_EXPIRATION) VALUES (20, 19, 92, 92, 'SELLING_ORDER', 'GREATER_OR_EQUAL', 2.04, CURRENT_TIMESTAMP, CURRENT_TIMESTAMP + INTERVAL '3 days');
INSERT INTO ORDERS (USER_ID, STOCK_ID, AMOUNT, REMAINING_AMOUNT, TYPE, PRICE_TYPE, PRICE, DATE_CREATION, DATE_EXPIRATION) VALUES (20, 19, 92, 92, 'SELLING_ORDER', 'GREATER_OR_EQUAL', 2.38, CURRENT_TIMESTAMP, CURRENT_TIMESTAMP + INTERVAL '3 days');
INSERT INTO ORDERS (USER_ID, STOCK_ID, AMOUNT, REMAINING_AMOUNT, TYPE, PRICE_TYPE, PRICE, DATE_CREATION, DATE_EXPIRATION) VALUES (21, 20, 233, 233, 'SELLING_ORDER', 'GREATER_OR_EQUAL', 4.98, CURRENT_TIMESTAMP, CURRENT_TIMESTAMP + INTERVAL '3 days');
INSERT INTO ORDERS (USER_ID, STOCK_ID, AMOUNT, REMAINING_AMOUNT, TYPE, PRICE_TYPE, PRICE, DATE_CREATION, DATE_EXPIRATION) VALUES (21, 20, 233, 233, 'SELLING_ORDER', 'GREATER_OR_EQUAL', 4.63, CURRENT_TIMESTAMP, CURRENT_TIMESTAMP + INTERVAL '3 days');
INSERT INTO ORDERS (USER_ID, STOCK_ID, AMOUNT, REMAINING_AMOUNT, TYPE, PRICE_TYPE, PRICE, DATE_CREATION, DATE_EXPIRATION) VALUES (21, 20, 233, 233, 'SELLING_ORDER', 'GREATER_OR_EQUAL', 4.13, CURRENT_TIMESTAMP, CURRENT_TIMESTAMP + INTERVAL '3 days');
INSERT INTO ORDERS (USER_ID, STOCK_ID, AMOUNT, REMAINING_AMOUNT, TYPE, PRICE_TYPE, PRICE, DATE_CREATION, DATE_EXPIRATION) VALUES (22, 21, 32, 32, 'SELLING_ORDER', 'GREATER_OR_EQUAL', 3.64, CURRENT_TIMESTAMP, CURRENT_TIMESTAMP + INTERVAL '3 days');
INSERT INTO ORDERS (USER_ID, STOCK_ID, AMOUNT, REMAINING_AMOUNT, TYPE, PRICE_TYPE, PRICE, DATE_CREATION, DATE_EXPIRATION) VALUES (22, 21, 32, 32, 'SELLING_ORDER', 'GREATER_OR_EQUAL', 6.10, CURRENT_TIMESTAMP, CURRENT_TIMESTAMP + INTERVAL '3 days');
INSERT INTO ORDERS (USER_ID, STOCK_ID, AMOUNT, REMAINING_AMOUNT, TYPE, PRICE_TYPE, PRICE, DATE_CREATION, DATE_EXPIRATION) VALUES (22, 21, 32, 32, 'SELLING_ORDER', 'GREATER_OR_EQUAL', 7.85, CURRENT_TIMESTAMP, CURRENT_TIMESTAMP + INTERVAL '3 days');
INSERT INTO ORDERS (USER_ID, STOCK_ID, AMOUNT, REMAINING_AMOUNT, TYPE, PRICE_TYPE, PRICE, DATE_CREATION, DATE_EXPIRATION) VALUES (23, 22, 67, 67, 'SELLING_ORDER', 'GREATER_OR_EQUAL', 5.80, CURRENT_TIMESTAMP, CURRENT_TIMESTAMP + INTERVAL '3 days');
INSERT INTO ORDERS (USER_ID, STOCK_ID, AMOUNT, REMAINING_AMOUNT, TYPE, PRICE_TYPE, PRICE, DATE_CREATION, DATE_EXPIRATION) VALUES (23, 22, 67, 67, 'SELLING_ORDER', 'GREATER_OR_EQUAL', 6.93, CURRENT_TIMESTAMP, CURRENT_TIMESTAMP + INTERVAL '3 days');
INSERT INTO ORDERS (USER_ID, STOCK_ID, AMOUNT, REMAINING_AMOUNT, TYPE, PRICE_TYPE, PRICE, DATE_CREATION, DATE_EXPIRATION) VALUES (23, 22, 67, 67, 'SELLING_ORDER', 'GREATER_OR_EQUAL', 8.82, CURRENT_TIMESTAMP, CURRENT_TIMESTAMP + INTERVAL '3 days');
INSERT INTO ORDERS (USER_ID, STOCK_ID, AMOUNT, REMAINING_AMOUNT, TYPE, PRICE_TYPE, PRICE, DATE_CREATION, DATE_EXPIRATION) VALUES (24, 23, 180, 180, 'SELLING_ORDER', 'GREATER_OR_EQUAL', 8.95, CURRENT_TIMESTAMP, CURRENT_TIMESTAMP + INTERVAL '3 days');
INSERT INTO ORDERS (USER_ID, STOCK_ID, AMOUNT, REMAINING_AMOUNT, TYPE, PRICE_TYPE, PRICE, DATE_CREATION, DATE_EXPIRATION) VALUES (24, 23, 180, 180, 'SELLING_ORDER', 'GREATER_OR_EQUAL', 4.01, CURRENT_TIMESTAMP, CURRENT_TIMESTAMP + INTERVAL '3 days');
INSERT INTO ORDERS (USER_ID, STOCK_ID, AMOUNT, REMAINING_AMOUNT, TYPE, PRICE_TYPE, PRICE, DATE_CREATION, DATE_EXPIRATION) VALUES (24, 23, 180, 180, 'SELLING_ORDER', 'GREATER_OR_EQUAL', 8.76, CURRENT_TIMESTAMP, CURRENT_TIMESTAMP + INTERVAL '3 days');
INSERT INTO ORDERS (USER_ID, STOCK_ID, AMOUNT, REMAINING_AMOUNT, TYPE, PRICE_TYPE, PRICE, DATE_CREATION, DATE_EXPIRATION) VALUES (25, 24, 88, 88, 'SELLING_ORDER', 'GREATER_OR_EQUAL', 7.18, CURRENT_TIMESTAMP, CURRENT_TIMESTAMP + INTERVAL '3 days');
INSERT INTO ORDERS (USER_ID, STOCK_ID, AMOUNT, REMAINING_AMOUNT, TYPE, PRICE_TYPE, PRICE, DATE_CREATION, DATE_EXPIRATION) VALUES (25, 24, 88, 88, 'SELLING_ORDER', 'GREATER_OR_EQUAL', 1.15, CURRENT_TIMESTAMP, CURRENT_TIMESTAMP + INTERVAL '3 days');
INSERT INTO ORDERS (USER_ID, STOCK_ID, AMOUNT, REMAINING_AMOUNT, TYPE, PRICE_TYPE, PRICE, DATE_CREATION, DATE_EXPIRATION) VALUES (25, 24, 88, 88, 'SELLING_ORDER', 'GREATER_OR_EQUAL', 5.11, CURRENT_TIMESTAMP, CURRENT_TIMESTAMP + INTERVAL '3 days');
INSERT INTO ORDERS (USER_ID, STOCK_ID, AMOUNT, REMAINING_AMOUNT, TYPE, PRICE_TYPE, PRICE, DATE_CREATION, DATE_EXPIRATION) VALUES (26, 25, 216, 216, 'SELLING_ORDER', 'GREATER_OR_EQUAL', 5.57, CURRENT_TIMESTAMP, CURRENT_TIMESTAMP + INTERVAL '3 days');
INSERT INTO ORDERS (USER_ID, STOCK_ID, AMOUNT, REMAINING_AMOUNT, TYPE, PRICE_TYPE, PRICE, DATE_CREATION, DATE_EXPIRATION) VALUES (26, 25, 216, 216, 'SELLING_ORDER', 'GREATER_OR_EQUAL', 9.31, CURRENT_TIMESTAMP, CURRENT_TIMESTAMP + INTERVAL '3 days');
INSERT INTO ORDERS (USER_ID, STOCK_ID, AMOUNT, REMAINING_AMOUNT, TYPE, PRICE_TYPE, PRICE, DATE_CREATION, DATE_EXPIRATION) VALUES (26, 25, 216, 216, 'SELLING_ORDER', 'GREATER_OR_EQUAL', 1.67, CURRENT_TIMESTAMP, CURRENT_TIMESTAMP + INTERVAL '3 days');
INSERT INTO ORDERS (USER_ID, STOCK_ID, AMOUNT, REMAINING_AMOUNT, TYPE, PRICE_TYPE, PRICE, DATE_CREATION, DATE_EXPIRATION) VALUES (27, 26, 60, 60, 'SELLING_ORDER', 'GREATER_OR_EQUAL', 5.30, CURRENT_TIMESTAMP, CURRENT_TIMESTAMP + INTERVAL '3 days');
INSERT INTO ORDERS (USER_ID, STOCK_ID, AMOUNT, REMAINING_AMOUNT, TYPE, PRICE_TYPE, PRICE, DATE_CREATION, DATE_EXPIRATION) VALUES (27, 26, 60, 60, 'SELLING_ORDER', 'GREATER_OR_EQUAL', 9.06, CURRENT_TIMESTAMP, CURRENT_TIMESTAMP + INTERVAL '3 days');
INSERT INTO ORDERS (USER_ID, STOCK_ID, AMOUNT, REMAINING_AMOUNT, TYPE, PRICE_TYPE, PRICE, DATE_CREATION, DATE_EXPIRATION) VALUES (27, 26, 60, 60, 'SELLING_ORDER', 'GREATER_OR_EQUAL', 9.66, CURRENT_TIMESTAMP, CURRENT_TIMESTAMP + INTERVAL '3 days');
INSERT INTO ORDERS (USER_ID, STOCK_ID, AMOUNT, REMAINING_AMOUNT, TYPE, PRICE_TYPE, PRICE, DATE_CREATION, DATE_EXPIRATION) VALUES (28, 27, 4, 4, 'SELLING_ORDER', 'GREATER_OR_EQUAL', 7.39, CURRENT_TIMESTAMP, CURRENT_TIMESTAMP + INTERVAL '3 days');
INSERT INTO ORDERS (USER_ID, STOCK_ID, AMOUNT, REMAINING_AMOUNT, TYPE, PRICE_TYPE, PRICE, DATE_CREATION, DATE_EXPIRATION) VALUES (28, 27, 4, 4, 'SELLING_ORDER', 'GREATER_OR_EQUAL', 5.58, CURRENT_TIMESTAMP, CURRENT_TIMESTAMP + INTERVAL '3 days');
INSERT INTO ORDERS (USER_ID, STOCK_ID, AMOUNT, REMAINING_AMOUNT, TYPE, PRICE_TYPE, PRICE, DATE_CREATION, DATE_EXPIRATION) VALUES (28, 27, 4, 4, 'SELLING_ORDER', 'GREATER_OR_EQUAL', 1.01, CURRENT_TIMESTAMP, CURRENT_TIMESTAMP + INTERVAL '3 days');
INSERT INTO ORDERS (USER_ID, STOCK_ID, AMOUNT, REMAINING_AMOUNT, TYPE, PRICE_TYPE, PRICE, DATE_CREATION, DATE_EXPIRATION) VALUES (29, 28, 67, 67, 'SELLING_ORDER', 'GREATER_OR_EQUAL', 1.88, CURRENT_TIMESTAMP, CURRENT_TIMESTAMP + INTERVAL '3 days');
INSERT INTO ORDERS (USER_ID, STOCK_ID, AMOUNT, REMAINING_AMOUNT, TYPE, PRICE_TYPE, PRICE, DATE_CREATION, DATE_EXPIRATION) VALUES (29, 28, 67, 67, 'SELLING_ORDER', 'GREATER_OR_EQUAL', 6.27, CURRENT_TIMESTAMP, CURRENT_TIMESTAMP + INTERVAL '3 days');
INSERT INTO ORDERS (USER_ID, STOCK_ID, AMOUNT, REMAINING_AMOUNT, TYPE, PRICE_TYPE, PRICE, DATE_CREATION, DATE_EXPIRATION) VALUES (29, 28, 67, 67, 'SELLING_ORDER', 'GREATER_OR_EQUAL', 10.43, CURRENT_TIMESTAMP, CURRENT_TIMESTAMP + INTERVAL '3 days');
INSERT INTO ORDERS (USER_ID, STOCK_ID, AMOUNT, REMAINING_AMOUNT, TYPE, PRICE_TYPE, PRICE, DATE_CREATION, DATE_EXPIRATION) VALUES (30, 29, 200, 200, 'SELLING_ORDER', 'GREATER_OR_EQUAL', 6.05, CURRENT_TIMESTAMP, CURRENT_TIMESTAMP + INTERVAL '3 days');
INSERT INTO ORDERS (USER_ID, STOCK_ID, AMOUNT, REMAINING_AMOUNT, TYPE, PRICE_TYPE, PRICE, DATE_CREATION, DATE_EXPIRATION) VALUES (30, 29, 200, 200, 'SELLING_ORDER', 'GREATER_OR_EQUAL', 6.79, CURRENT_TIMESTAMP, CURRENT_TIMESTAMP + INTERVAL '3 days');
INSERT INTO ORDERS (USER_ID, STOCK_ID, AMOUNT, REMAINING_AMOUNT, TYPE, PRICE_TYPE, PRICE, DATE_CREATION, DATE_EXPIRATION) VALUES (30, 29, 200, 200, 'SELLING_ORDER', 'GREATER_OR_EQUAL', 5.80, CURRENT_TIMESTAMP, CURRENT_TIMESTAMP + INTERVAL '3 days');
INSERT INTO ORDERS (USER_ID, STOCK_ID, AMOUNT, REMAINING_AMOUNT, TYPE, PRICE_TYPE, PRICE, DATE_CREATION, DATE_EXPIRATION) VALUES (31, 30, 129, 129, 'SELLING_ORDER', 'GREATER_OR_EQUAL', 7.86, CURRENT_TIMESTAMP, CURRENT_TIMESTAMP + INTERVAL '3 days');
INSERT INTO ORDERS (USER_ID, STOCK_ID, AMOUNT, REMAINING_AMOUNT, TYPE, PRICE_TYPE, PRICE, DATE_CREATION, DATE_EXPIRATION) VALUES (31, 30, 129, 129, 'SELLING_ORDER', 'GREATER_OR_EQUAL', 2.47, CURRENT_TIMESTAMP, CURRENT_TIMESTAMP + INTERVAL '3 days');
INSERT INTO ORDERS (USER_ID, STOCK_ID, AMOUNT, REMAINING_AMOUNT, TYPE, PRICE_TYPE, PRICE, DATE_CREATION, DATE_EXPIRATION) VALUES (31, 30, 129, 129, 'SELLING_ORDER', 'GREATER_OR_EQUAL', 2.68, CURRENT_TIMESTAMP, CURRENT_TIMESTAMP + INTERVAL '3 days');
INSERT INTO ORDERS (USER_ID, STOCK_ID, AMOUNT, REMAINING_AMOUNT, TYPE, PRICE_TYPE, PRICE, DATE_CREATION, DATE_EXPIRATION) VALUES (32, 31, 137, 137, 'SELLING_ORDER', 'GREATER_OR_EQUAL', 5.98, CURRENT_TIMESTAMP, CURRENT_TIMESTAMP + INTERVAL '3 days');
INSERT INTO ORDERS (USER_ID, STOCK_ID, AMOUNT, REMAINING_AMOUNT, TYPE, PRICE_TYPE, PRICE, DATE_CREATION, DATE_EXPIRATION) VALUES (32, 31, 137, 137, 'SELLING_ORDER', 'GREATER_OR_EQUAL', 3.95, CURRENT_TIMESTAMP, CURRENT_TIMESTAMP + INTERVAL '3 days');
INSERT INTO ORDERS (USER_ID, STOCK_ID, AMOUNT, REMAINING_AMOUNT, TYPE, PRICE_TYPE, PRICE, DATE_CREATION, DATE_EXPIRATION) VALUES (32, 31, 137, 137, 'SELLING_ORDER', 'GREATER_OR_EQUAL', 5.05, CURRENT_TIMESTAMP, CURRENT_TIMESTAMP + INTERVAL '3 days');
INSERT INTO ORDERS (USER_ID, STOCK_ID, AMOUNT, REMAINING_AMOUNT, TYPE, PRICE_TYPE, PRICE, DATE_CREATION, DATE_EXPIRATION) VALUES (33, 32, 201, 201, 'SELLING_ORDER', 'GREATER_OR_EQUAL', 4.41, CURRENT_TIMESTAMP, CURRENT_TIMESTAMP + INTERVAL '3 days');
INSERT INTO ORDERS (USER_ID, STOCK_ID, AMOUNT, REMAINING_AMOUNT, TYPE, PRICE_TYPE, PRICE, DATE_CREATION, DATE_EXPIRATION) VALUES (33, 32, 201, 201, 'SELLING_ORDER', 'GREATER_OR_EQUAL', 7.66, CURRENT_TIMESTAMP, CURRENT_TIMESTAMP + INTERVAL '3 days');
INSERT INTO ORDERS (USER_ID, STOCK_ID, AMOUNT, REMAINING_AMOUNT, TYPE, PRICE_TYPE, PRICE, DATE_CREATION, DATE_EXPIRATION) VALUES (33, 32, 201, 201, 'SELLING_ORDER', 'GREATER_OR_EQUAL', 2.23, CURRENT_TIMESTAMP, CURRENT_TIMESTAMP + INTERVAL '3 days');
INSERT INTO ORDERS (USER_ID, STOCK_ID, AMOUNT, REMAINING_AMOUNT, TYPE, PRICE_TYPE, PRICE, DATE_CREATION, DATE_EXPIRATION) VALUES (34, 33, 45, 45, 'SELLING_ORDER', 'GREATER_OR_EQUAL', 4.63, CURRENT_TIMESTAMP, CURRENT_TIMESTAMP + INTERVAL '3 days');
INSERT INTO ORDERS (USER_ID, STOCK_ID, AMOUNT, REMAINING_AMOUNT, TYPE, PRICE_TYPE, PRICE, DATE_CREATION, DATE_EXPIRATION) VALUES (34, 33, 45, 45, 'SELLING_ORDER', 'GREATER_OR_EQUAL', 3.29, CURRENT_TIMESTAMP, CURRENT_TIMESTAMP + INTERVAL '3 days');
INSERT INTO ORDERS (USER_ID, STOCK_ID, AMOUNT, REMAINING_AMOUNT, TYPE, PRICE_TYPE, PRICE, DATE_CREATION, DATE_EXPIRATION) VALUES (34, 33, 45, 45, 'SELLING_ORDER', 'GREATER_OR_EQUAL', 6.72, CURRENT_TIMESTAMP, CURRENT_TIMESTAMP + INTERVAL '3 days');
INSERT INTO ORDERS (USER_ID, STOCK_ID, AMOUNT, REMAINING_AMOUNT, TYPE, PRICE_TYPE, PRICE, DATE_CREATION, DATE_EXPIRATION) VALUES (35, 34, 109, 109, 'SELLING_ORDER', 'GREATER_OR_EQUAL', 2.58, CURRENT_TIMESTAMP, CURRENT_TIMESTAMP + INTERVAL '3 days');
INSERT INTO ORDERS (USER_ID, STOCK_ID, AMOUNT, REMAINING_AMOUNT, TYPE, PRICE_TYPE, PRICE, DATE_CREATION, DATE_EXPIRATION) VALUES (35, 34, 109, 109, 'SELLING_ORDER', 'GREATER_OR_EQUAL', 7.50, CURRENT_TIMESTAMP, CURRENT_TIMESTAMP + INTERVAL '3 days');
INSERT INTO ORDERS (USER_ID, STOCK_ID, AMOUNT, REMAINING_AMOUNT, TYPE, PRICE_TYPE, PRICE, DATE_CREATION, DATE_EXPIRATION) VALUES (35, 34, 109, 109, 'SELLING_ORDER', 'GREATER_OR_EQUAL', 3.31, CURRENT_TIMESTAMP, CURRENT_TIMESTAMP + INTERVAL '3 days');
INSERT INTO ORDERS (USER_ID, STOCK_ID, AMOUNT, REMAINING_AMOUNT, TYPE, PRICE_TYPE, PRICE, DATE_CREATION, DATE_EXPIRATION) VALUES (36, 35, 158, 158, 'SELLING_ORDER', 'GREATER_OR_EQUAL', 6.82, CURRENT_TIMESTAMP, CURRENT_TIMESTAMP + INTERVAL '3 days');
INSERT INTO ORDERS (USER_ID, STOCK_ID, AMOUNT, REMAINING_AMOUNT, TYPE, PRICE_TYPE, PRICE, DATE_CREATION, DATE_EXPIRATION) VALUES (36, 35, 158, 158, 'SELLING_ORDER', 'GREATER_OR_EQUAL', 3.15, CURRENT_TIMESTAMP, CURRENT_TIMESTAMP + INTERVAL '3 days');
INSERT INTO ORDERS (USER_ID, STOCK_ID, AMOUNT, REMAINING_AMOUNT, TYPE, PRICE_TYPE, PRICE, DATE_CREATION, DATE_EXPIRATION) VALUES (36, 35, 158, 158, 'SELLING_ORDER', 'GREATER_OR_EQUAL', 8.79, CURRENT_TIMESTAMP, CURRENT_TIMESTAMP + INTERVAL '3 days');
INSERT INTO ORDERS (USER_ID, STOCK_ID, AMOUNT, REMAINING_AMOUNT, TYPE, PRICE_TYPE, PRICE, DATE_CREATION, DATE_EXPIRATION) VALUES (37, 36, 216, 216, 'SELLING_ORDER', 'GREATER_OR_EQUAL', 5.07, CURRENT_TIMESTAMP, CURRENT_TIMESTAMP + INTERVAL '3 days');
INSERT INTO ORDERS (USER_ID, STOCK_ID, AMOUNT, REMAINING_AMOUNT, TYPE, PRICE_TYPE, PRICE, DATE_CREATION, DATE_EXPIRATION) VALUES (37, 36, 216, 216, 'SELLING_ORDER', 'GREATER_OR_EQUAL', 9.36, CURRENT_TIMESTAMP, CURRENT_TIMESTAMP + INTERVAL '3 days');
INSERT INTO ORDERS (USER_ID, STOCK_ID, AMOUNT, REMAINING_AMOUNT, TYPE, PRICE_TYPE, PRICE, DATE_CREATION, DATE_EXPIRATION) VALUES (37, 36, 216, 216, 'SELLING_ORDER', 'GREATER_OR_EQUAL', 4.34, CURRENT_TIMESTAMP, CURRENT_TIMESTAMP + INTERVAL '3 days');
INSERT INTO ORDERS (USER_ID, STOCK_ID, AMOUNT, REMAINING_AMOUNT, TYPE, PRICE_TYPE, PRICE, DATE_CREATION, DATE_EXPIRATION) VALUES (38, 37, 115, 115, 'SELLING_ORDER', 'GREATER_OR_EQUAL', 2.79, CURRENT_TIMESTAMP, CURRENT_TIMESTAMP + INTERVAL '3 days');
INSERT INTO ORDERS (USER_ID, STOCK_ID, AMOUNT, REMAINING_AMOUNT, TYPE, PRICE_TYPE, PRICE, DATE_CREATION, DATE_EXPIRATION) VALUES (38, 37, 115, 115, 'SELLING_ORDER', 'GREATER_OR_EQUAL', 4.95, CURRENT_TIMESTAMP, CURRENT_TIMESTAMP + INTERVAL '3 days');
INSERT INTO ORDERS (USER_ID, STOCK_ID, AMOUNT, REMAINING_AMOUNT, TYPE, PRICE_TYPE, PRICE, DATE_CREATION, DATE_EXPIRATION) VALUES (38, 37, 115, 115, 'SELLING_ORDER', 'GREATER_OR_EQUAL', 7.14, CURRENT_TIMESTAMP, CURRENT_TIMESTAMP + INTERVAL '3 days');
INSERT INTO ORDERS (USER_ID, STOCK_ID, AMOUNT, REMAINING_AMOUNT, TYPE, PRICE_TYPE, PRICE, DATE_CREATION, DATE_EXPIRATION) VALUES (39, 38, 111, 111, 'SELLING_ORDER', 'GREATER_OR_EQUAL', 2.12, CURRENT_TIMESTAMP, CURRENT_TIMESTAMP + INTERVAL '3 days');
INSERT INTO ORDERS (USER_ID, STOCK_ID, AMOUNT, REMAINING_AMOUNT, TYPE, PRICE_TYPE, PRICE, DATE_CREATION, DATE_EXPIRATION) VALUES (39, 38, 111, 111, 'SELLING_ORDER', 'GREATER_OR_EQUAL', 3.93, CURRENT_TIMESTAMP, CURRENT_TIMESTAMP + INTERVAL '3 days');
INSERT INTO ORDERS (USER_ID, STOCK_ID, AMOUNT, REMAINING_AMOUNT, TYPE, PRICE_TYPE, PRICE, DATE_CREATION, DATE_EXPIRATION) VALUES (39, 38, 111, 111, 'SELLING_ORDER', 'GREATER_OR_EQUAL', 4.06, CURRENT_TIMESTAMP, CURRENT_TIMESTAMP + INTERVAL '3 days');
INSERT INTO ORDERS (USER_ID, STOCK_ID, AMOUNT, REMAINING_AMOUNT, TYPE, PRICE_TYPE, PRICE, DATE_CREATION, DATE_EXPIRATION) VALUES (40, 39, 179, 179, 'SELLING_ORDER', 'GREATER_OR_EQUAL', 5.73, CURRENT_TIMESTAMP, CURRENT_TIMESTAMP + INTERVAL '3 days');
INSERT INTO ORDERS (USER_ID, STOCK_ID, AMOUNT, REMAINING_AMOUNT, TYPE, PRICE_TYPE, PRICE, DATE_CREATION, DATE_EXPIRATION) VALUES (40, 39, 179, 179, 'SELLING_ORDER', 'GREATER_OR_EQUAL', 7.91, CURRENT_TIMESTAMP, CURRENT_TIMESTAMP + INTERVAL '3 days');
INSERT INTO ORDERS (USER_ID, STOCK_ID, AMOUNT, REMAINING_AMOUNT, TYPE, PRICE_TYPE, PRICE, DATE_CREATION, DATE_EXPIRATION) VALUES (40, 39, 179, 179, 'SELLING_ORDER', 'GREATER_OR_EQUAL', 9.55, CURRENT_TIMESTAMP, CURRENT_TIMESTAMP + INTERVAL '3 days');

INSERT INTO ORDERS (USER_ID, STOCK_ID, AMOUNT, REMAINING_AMOUNT, TYPE, PRICE_TYPE, PRICE, DATE_CREATION, DATE_EXPIRATION) VALUES (2, 1, 5, 5, 'BUYING_ORDER', 'EQUAL', 6.27, CURRENT_TIMESTAMP, CURRENT_TIMESTAMP + INTERVAL '3 days');
INSERT INTO ORDERS (USER_ID, STOCK_ID, AMOUNT, REMAINING_AMOUNT, TYPE, PRICE_TYPE, PRICE, DATE_CREATION, DATE_EXPIRATION) VALUES (2, 1, 5, 5, 'BUYING_ORDER', 'EQUAL', 6.27, CURRENT_TIMESTAMP, CURRENT_TIMESTAMP + INTERVAL '3 days');
INSERT INTO ORDERS (USER_ID, STOCK_ID, AMOUNT, REMAINING_AMOUNT, TYPE, PRICE_TYPE, PRICE, DATE_CREATION, DATE_EXPIRATION) VALUES (2, 1, 5, 5, 'BUYING_ORDER', 'EQUAL', 6.27, CURRENT_TIMESTAMP, CURRENT_TIMESTAMP + INTERVAL '3 days');
INSERT INTO ORDERS (USER_ID, STOCK_ID, AMOUNT, REMAINING_AMOUNT, TYPE, PRICE_TYPE, PRICE, DATE_CREATION, DATE_EXPIRATION) VALUES (2, 1, 5, 5, 'BUYING_ORDER', 'EQUAL', 6.27, CURRENT_TIMESTAMP, CURRENT_TIMESTAMP + INTERVAL '3 days');
INSERT INTO ORDERS (USER_ID, STOCK_ID, AMOUNT, REMAINING_AMOUNT, TYPE, PRICE_TYPE, PRICE, DATE_CREATION, DATE_EXPIRATION) VALUES (2, 1, 5, 5, 'BUYING_ORDER', 'EQUAL', 6.27, CURRENT_TIMESTAMP, CURRENT_TIMESTAMP + INTERVAL '3 days');
INSERT INTO ORDERS (USER_ID, STOCK_ID, AMOUNT, REMAINING_AMOUNT, TYPE, PRICE_TYPE, PRICE, DATE_CREATION, DATE_EXPIRATION) VALUES (2, 1, 5, 5, 'BUYING_ORDER', 'EQUAL', 6.27, CURRENT_TIMESTAMP, CURRENT_TIMESTAMP + INTERVAL '3 days');
INSERT INTO ORDERS (USER_ID, STOCK_ID, AMOUNT, REMAINING_AMOUNT, TYPE, PRICE_TYPE, PRICE, DATE_CREATION, DATE_EXPIRATION) VALUES (2, 1, 5, 5, 'BUYING_ORDER', 'EQUAL', 6.27, CURRENT_TIMESTAMP, CURRENT_TIMESTAMP + INTERVAL '3 days');
INSERT INTO ORDERS (USER_ID, STOCK_ID, AMOUNT, REMAINING_AMOUNT, TYPE, PRICE_TYPE, PRICE, DATE_CREATION, DATE_EXPIRATION) VALUES (2, 1, 5, 5, 'BUYING_ORDER', 'EQUAL', 6.27, CURRENT_TIMESTAMP, CURRENT_TIMESTAMP + INTERVAL '3 days');
INSERT INTO ORDERS (USER_ID, STOCK_ID, AMOUNT, REMAINING_AMOUNT, TYPE, PRICE_TYPE, PRICE, DATE_CREATION, DATE_EXPIRATION) VALUES (2, 1, 5, 5, 'BUYING_ORDER', 'EQUAL', 6.27, CURRENT_TIMESTAMP, CURRENT_TIMESTAMP + INTERVAL '3 days');
INSERT INTO ORDERS (USER_ID, STOCK_ID, AMOUNT, REMAINING_AMOUNT, TYPE, PRICE_TYPE, PRICE, DATE_CREATION, DATE_EXPIRATION) VALUES (2, 1, 5, 5, 'BUYING_ORDER', 'EQUAL', 6.27, CURRENT_TIMESTAMP, CURRENT_TIMESTAMP + INTERVAL '3 days');
INSERT INTO ORDERS (USER_ID, STOCK_ID, AMOUNT, REMAINING_AMOUNT, TYPE, PRICE_TYPE, PRICE, DATE_CREATION, DATE_EXPIRATION) VALUES (2, 1, 5, 5, 'BUYING_ORDER', 'EQUAL', 6.27, CURRENT_TIMESTAMP, CURRENT_TIMESTAMP + INTERVAL '3 days');
INSERT INTO ORDERS (USER_ID, STOCK_ID, AMOUNT, REMAINING_AMOUNT, TYPE, PRICE_TYPE, PRICE, DATE_CREATION, DATE_EXPIRATION) VALUES (2, 1, 5, 5, 'BUYING_ORDER', 'EQUAL', 6.27, CURRENT_TIMESTAMP, CURRENT_TIMESTAMP + INTERVAL '3 days');
INSERT INTO ORDERS (USER_ID, STOCK_ID, AMOUNT, REMAINING_AMOUNT, TYPE, PRICE_TYPE, PRICE, DATE_CREATION, DATE_EXPIRATION) VALUES (2, 1, 5, 5, 'BUYING_ORDER', 'EQUAL', 6.27, CURRENT_TIMESTAMP, CURRENT_TIMESTAMP + INTERVAL '3 days');
INSERT INTO ORDERS (USER_ID, STOCK_ID, AMOUNT, REMAINING_AMOUNT, TYPE, PRICE_TYPE, PRICE, DATE_CREATION, DATE_EXPIRATION) VALUES (2, 1, 5, 5, 'BUYING_ORDER', 'EQUAL', 6.27, CURRENT_TIMESTAMP, CURRENT_TIMESTAMP + INTERVAL '3 days');
INSERT INTO ORDERS (USER_ID, STOCK_ID, AMOUNT, REMAINING_AMOUNT, TYPE, PRICE_TYPE, PRICE, DATE_CREATION, DATE_EXPIRATION) VALUES (2, 1, 5, 5, 'BUYING_ORDER', 'EQUAL', 6.27, CURRENT_TIMESTAMP, CURRENT_TIMESTAMP + INTERVAL '3 days');
INSERT INTO ORDERS (USER_ID, STOCK_ID, AMOUNT, REMAINING_AMOUNT, TYPE, PRICE_TYPE, PRICE, DATE_CREATION, DATE_EXPIRATION) VALUES (2, 1, 5, 5, 'BUYING_ORDER', 'EQUAL', 6.27, CURRENT_TIMESTAMP, CURRENT_TIMESTAMP + INTERVAL '3 days');
INSERT INTO ORDERS (USER_ID, STOCK_ID, AMOUNT, REMAINING_AMOUNT, TYPE, PRICE_TYPE, PRICE, DATE_CREATION, DATE_EXPIRATION) VALUES (2, 1, 5, 5, 'BUYING_ORDER', 'EQUAL', 6.27, CURRENT_TIMESTAMP, CURRENT_TIMESTAMP + INTERVAL '3 days');
INSERT INTO ORDERS (USER_ID, STOCK_ID, AMOUNT, REMAINING_AMOUNT, TYPE, PRICE_TYPE, PRICE, DATE_CREATION, DATE_EXPIRATION) VALUES (2, 1, 5, 5, 'BUYING_ORDER', 'EQUAL', 6.27, CURRENT_TIMESTAMP, CURRENT_TIMESTAMP + INTERVAL '3 days');
INSERT INTO ORDERS (USER_ID, STOCK_ID, AMOUNT, REMAINING_AMOUNT, TYPE, PRICE_TYPE, PRICE, DATE_CREATION, DATE_EXPIRATION) VALUES (2, 1, 5, 5, 'BUYING_ORDER', 'EQUAL', 6.27, CURRENT_TIMESTAMP, CURRENT_TIMESTAMP + INTERVAL '3 days');
INSERT INTO ORDERS (USER_ID, STOCK_ID, AMOUNT, REMAINING_AMOUNT, TYPE, PRICE_TYPE, PRICE, DATE_CREATION, DATE_EXPIRATION) VALUES (2, 1, 5, 5, 'BUYING_ORDER', 'EQUAL', 6.27, CURRENT_TIMESTAMP, CURRENT_TIMESTAMP + INTERVAL '3 days');
INSERT INTO ORDERS (USER_ID, STOCK_ID, AMOUNT, REMAINING_AMOUNT, TYPE, PRICE_TYPE, PRICE, DATE_CREATION, DATE_EXPIRATION) VALUES (2, 1, 5, 5, 'BUYING_ORDER', 'EQUAL', 6.27, CURRENT_TIMESTAMP, CURRENT_TIMESTAMP + INTERVAL '3 days');
INSERT INTO ORDERS (USER_ID, STOCK_ID, AMOUNT, REMAINING_AMOUNT, TYPE, PRICE_TYPE, PRICE, DATE_CREATION, DATE_EXPIRATION) VALUES (2, 1, 5, 5, 'BUYING_ORDER', 'EQUAL', 6.27, CURRENT_TIMESTAMP, CURRENT_TIMESTAMP + INTERVAL '3 days');
INSERT INTO ORDERS (USER_ID, STOCK_ID, AMOUNT, REMAINING_AMOUNT, TYPE, PRICE_TYPE, PRICE, DATE_CREATION, DATE_EXPIRATION) VALUES (2, 1, 5, 5, 'BUYING_ORDER', 'EQUAL', 6.27, CURRENT_TIMESTAMP, CURRENT_TIMESTAMP + INTERVAL '3 days');
INSERT INTO ORDERS (USER_ID, STOCK_ID, AMOUNT, REMAINING_AMOUNT, TYPE, PRICE_TYPE, PRICE, DATE_CREATION, DATE_EXPIRATION) VALUES (2, 1, 5, 5, 'BUYING_ORDER', 'EQUAL', 6.27, CURRENT_TIMESTAMP, CURRENT_TIMESTAMP + INTERVAL '3 days');
INSERT INTO ORDERS (USER_ID, STOCK_ID, AMOUNT, REMAINING_AMOUNT, TYPE, PRICE_TYPE, PRICE, DATE_CREATION, DATE_EXPIRATION) VALUES (2, 1, 5, 5, 'BUYING_ORDER', 'EQUAL', 6.27, CURRENT_TIMESTAMP, CURRENT_TIMESTAMP + INTERVAL '3 days');
INSERT INTO ORDERS (USER_ID, STOCK_ID, AMOUNT, REMAINING_AMOUNT, TYPE, PRICE_TYPE, PRICE, DATE_CREATION, DATE_EXPIRATION) VALUES (2, 1, 5, 5, 'BUYING_ORDER', 'EQUAL', 6.27, CURRENT_TIMESTAMP, CURRENT_TIMESTAMP + INTERVAL '3 days');
INSERT INTO ORDERS (USER_ID, STOCK_ID, AMOUNT, REMAINING_AMOUNT, TYPE, PRICE_TYPE, PRICE, DATE_CREATION, DATE_EXPIRATION) VALUES (2, 1, 5, 5, 'BUYING_ORDER', 'EQUAL', 6.27, CURRENT_TIMESTAMP, CURRENT_TIMESTAMP + INTERVAL '3 days');
INSERT INTO ORDERS (USER_ID, STOCK_ID, AMOUNT, REMAINING_AMOUNT, TYPE, PRICE_TYPE, PRICE, DATE_CREATION, DATE_EXPIRATION) VALUES (2, 1, 5, 5, 'BUYING_ORDER', 'EQUAL', 6.27, CURRENT_TIMESTAMP, CURRENT_TIMESTAMP + INTERVAL '3 days');
INSERT INTO ORDERS (USER_ID, STOCK_ID, AMOUNT, REMAINING_AMOUNT, TYPE, PRICE_TYPE, PRICE, DATE_CREATION, DATE_EXPIRATION) VALUES (2, 1, 5, 5, 'BUYING_ORDER', 'EQUAL', 6.27, CURRENT_TIMESTAMP, CURRENT_TIMESTAMP + INTERVAL '3 days');
INSERT INTO ORDERS (USER_ID, STOCK_ID, AMOUNT, REMAINING_AMOUNT, TYPE, PRICE_TYPE, PRICE, DATE_CREATION, DATE_EXPIRATION) VALUES (2, 1, 5, 5, 'BUYING_ORDER', 'EQUAL', 6.27, CURRENT_TIMESTAMP, CURRENT_TIMESTAMP + INTERVAL '3 days');
INSERT INTO ORDERS (USER_ID, STOCK_ID, AMOUNT, REMAINING_AMOUNT, TYPE, PRICE_TYPE, PRICE, DATE_CREATION, DATE_EXPIRATION) VALUES (2, 1, 5, 5, 'BUYING_ORDER', 'EQUAL', 6.27, CURRENT_TIMESTAMP, CURRENT_TIMESTAMP + INTERVAL '3 days');
INSERT INTO ORDERS (USER_ID, STOCK_ID, AMOUNT, REMAINING_AMOUNT, TYPE, PRICE_TYPE, PRICE, DATE_CREATION, DATE_EXPIRATION) VALUES (2, 1, 5, 5, 'BUYING_ORDER', 'EQUAL', 6.27, CURRENT_TIMESTAMP, CURRENT_TIMESTAMP + INTERVAL '3 days');
INSERT INTO ORDERS (USER_ID, STOCK_ID, AMOUNT, REMAINING_AMOUNT, TYPE, PRICE_TYPE, PRICE, DATE_CREATION, DATE_EXPIRATION) VALUES (2, 1, 5, 5, 'BUYING_ORDER', 'EQUAL', 6.27, CURRENT_TIMESTAMP, CURRENT_TIMESTAMP + INTERVAL '3 days');
INSERT INTO ORDERS (USER_ID, STOCK_ID, AMOUNT, REMAINING_AMOUNT, TYPE, PRICE_TYPE, PRICE, DATE_CREATION, DATE_EXPIRATION) VALUES (2, 1, 5, 5, 'BUYING_ORDER', 'EQUAL', 6.27, CURRENT_TIMESTAMP, CURRENT_TIMESTAMP + INTERVAL '3 days');
INSERT INTO ORDERS (USER_ID, STOCK_ID, AMOUNT, REMAINING_AMOUNT, TYPE, PRICE_TYPE, PRICE, DATE_CREATION, DATE_EXPIRATION) VALUES (2, 1, 5, 5, 'BUYING_ORDER', 'EQUAL', 6.27, CURRENT_TIMESTAMP, CURRENT_TIMESTAMP + INTERVAL '3 days');
INSERT INTO ORDERS (USER_ID, STOCK_ID, AMOUNT, REMAINING_AMOUNT, TYPE, PRICE_TYPE, PRICE, DATE_CREATION, DATE_EXPIRATION) VALUES (2, 1, 5, 5, 'BUYING_ORDER', 'EQUAL', 6.27, CURRENT_TIMESTAMP, CURRENT_TIMESTAMP + INTERVAL '3 days');
INSERT INTO ORDERS (USER_ID, STOCK_ID, AMOUNT, REMAINING_AMOUNT, TYPE, PRICE_TYPE, PRICE, DATE_CREATION, DATE_EXPIRATION) VALUES (2, 1, 5, 5, 'BUYING_ORDER', 'EQUAL', 6.27, CURRENT_TIMESTAMP, CURRENT_TIMESTAMP + INTERVAL '3 days');
INSERT INTO ORDERS (USER_ID, STOCK_ID, AMOUNT, REMAINING_AMOUNT, TYPE, PRICE_TYPE, PRICE, DATE_CREATION, DATE_EXPIRATION) VALUES (2, 1, 5, 5, 'BUYING_ORDER', 'EQUAL', 6.27, CURRENT_TIMESTAMP, CURRENT_TIMESTAMP + INTERVAL '3 days');
INSERT INTO ORDERS (USER_ID, STOCK_ID, AMOUNT, REMAINING_AMOUNT, TYPE, PRICE_TYPE, PRICE, DATE_CREATION, DATE_EXPIRATION) VALUES (2, 1, 5, 5, 'BUYING_ORDER', 'EQUAL', 6.27, CURRENT_TIMESTAMP, CURRENT_TIMESTAMP + INTERVAL '3 days');
INSERT INTO ORDERS (USER_ID, STOCK_ID, AMOUNT, REMAINING_AMOUNT, TYPE, PRICE_TYPE, PRICE, DATE_CREATION, DATE_EXPIRATION) VALUES (2, 1, 5, 5, 'BUYING_ORDER', 'EQUAL', 6.27, CURRENT_TIMESTAMP, CURRENT_TIMESTAMP + INTERVAL '3 days');
INSERT INTO ORDERS (USER_ID, STOCK_ID, AMOUNT, REMAINING_AMOUNT, TYPE, PRICE_TYPE, PRICE, DATE_CREATION, DATE_EXPIRATION) VALUES (2, 1, 5, 5, 'BUYING_ORDER', 'EQUAL', 6.27, CURRENT_TIMESTAMP, CURRENT_TIMESTAMP + INTERVAL '3 days');
INSERT INTO ORDERS (USER_ID, STOCK_ID, AMOUNT, REMAINING_AMOUNT, TYPE, PRICE_TYPE, PRICE, DATE_CREATION, DATE_EXPIRATION) VALUES (2, 1, 5, 5, 'BUYING_ORDER', 'EQUAL', 6.27, CURRENT_TIMESTAMP, CURRENT_TIMESTAMP + INTERVAL '3 days');
INSERT INTO ORDERS (USER_ID, STOCK_ID, AMOUNT, REMAINING_AMOUNT, TYPE, PRICE_TYPE, PRICE, DATE_CREATION, DATE_EXPIRATION) VALUES (5, 1, 21, 21, 'BUYING_ORDER', 'LESS_OR_EQUAL', 5.20, CURRENT_TIMESTAMP, CURRENT_TIMESTAMP + INTERVAL '3 days');
INSERT INTO ORDERS (USER_ID, STOCK_ID, AMOUNT, REMAINING_AMOUNT, TYPE, PRICE_TYPE, PRICE, DATE_CREATION, DATE_EXPIRATION) VALUES (6, 1, 21, 21, 'BUYING_ORDER', 'LESS_OR_EQUAL', 4.20, CURRENT_TIMESTAMP, CURRENT_TIMESTAMP + INTERVAL '3 days');
INSERT INTO ORDERS (USER_ID, STOCK_ID, AMOUNT, REMAINING_AMOUNT, TYPE, PRICE_TYPE, PRICE, DATE_CREATION, DATE_EXPIRATION) VALUES (7, 1, 21, 21, 'BUYING_ORDER', 'EQUAL', 6.20, CURRENT_TIMESTAMP, CURRENT_TIMESTAMP + INTERVAL '3 days');
INSERT INTO ORDERS (USER_ID, STOCK_ID, AMOUNT, REMAINING_AMOUNT, TYPE, PRICE_TYPE, PRICE, DATE_CREATION, DATE_EXPIRATION) VALUES (6, 2, 11, 11, 'BUYING_ORDER', 'LESS_OR_EQUAL', 7.51, CURRENT_TIMESTAMP, CURRENT_TIMESTAMP + INTERVAL '3 days');
INSERT INTO ORDERS (USER_ID, STOCK_ID, AMOUNT, REMAINING_AMOUNT, TYPE, PRICE_TYPE, PRICE, DATE_CREATION, DATE_EXPIRATION) VALUES (7, 2, 11, 11, 'BUYING_ORDER', 'LESS_OR_EQUAL', 6.51, CURRENT_TIMESTAMP, CURRENT_TIMESTAMP + INTERVAL '3 days');
INSERT INTO ORDERS (USER_ID, STOCK_ID, AMOUNT, REMAINING_AMOUNT, TYPE, PRICE_TYPE, PRICE, DATE_CREATION, DATE_EXPIRATION) VALUES (8, 2, 11, 11, 'BUYING_ORDER', 'EQUAL', 8.51, CURRENT_TIMESTAMP, CURRENT_TIMESTAMP + INTERVAL '3 days');
INSERT INTO ORDERS (USER_ID, STOCK_ID, AMOUNT, REMAINING_AMOUNT, TYPE, PRICE_TYPE, PRICE, DATE_CREATION, DATE_EXPIRATION) VALUES (7, 3, 7, 7, 'BUYING_ORDER', 'LESS_OR_EQUAL', 5.61, CURRENT_TIMESTAMP, CURRENT_TIMESTAMP + INTERVAL '3 days');
INSERT INTO ORDERS (USER_ID, STOCK_ID, AMOUNT, REMAINING_AMOUNT, TYPE, PRICE_TYPE, PRICE, DATE_CREATION, DATE_EXPIRATION) VALUES (8, 3, 7, 7, 'BUYING_ORDER', 'LESS_OR_EQUAL', 4.61, CURRENT_TIMESTAMP, CURRENT_TIMESTAMP + INTERVAL '3 days');
INSERT INTO ORDERS (USER_ID, STOCK_ID, AMOUNT, REMAINING_AMOUNT, TYPE, PRICE_TYPE, PRICE, DATE_CREATION, DATE_EXPIRATION) VALUES (9, 3, 7, 7, 'BUYING_ORDER', 'EQUAL', 6.61, CURRENT_TIMESTAMP, CURRENT_TIMESTAMP + INTERVAL '3 days');
INSERT INTO ORDERS (USER_ID, STOCK_ID, AMOUNT, REMAINING_AMOUNT, TYPE, PRICE_TYPE, PRICE, DATE_CREATION, DATE_EXPIRATION) VALUES (8, 4, 13, 13, 'BUYING_ORDER', 'LESS_OR_EQUAL', 8.78, CURRENT_TIMESTAMP, CURRENT_TIMESTAMP + INTERVAL '3 days');
INSERT INTO ORDERS (USER_ID, STOCK_ID, AMOUNT, REMAINING_AMOUNT, TYPE, PRICE_TYPE, PRICE, DATE_CREATION, DATE_EXPIRATION) VALUES (9, 4, 13, 13, 'BUYING_ORDER', 'LESS_OR_EQUAL', 7.78, CURRENT_TIMESTAMP, CURRENT_TIMESTAMP + INTERVAL '3 days');
INSERT INTO ORDERS (USER_ID, STOCK_ID, AMOUNT, REMAINING_AMOUNT, TYPE, PRICE_TYPE, PRICE, DATE_CREATION, DATE_EXPIRATION) VALUES (10, 4, 13, 13, 'BUYING_ORDER', 'EQUAL', 9.78, CURRENT_TIMESTAMP, CURRENT_TIMESTAMP + INTERVAL '3 days');
INSERT INTO ORDERS (USER_ID, STOCK_ID, AMOUNT, REMAINING_AMOUNT, TYPE, PRICE_TYPE, PRICE, DATE_CREATION, DATE_EXPIRATION) VALUES (9, 5, 17, 17, 'BUYING_ORDER', 'LESS_OR_EQUAL', 3.93, CURRENT_TIMESTAMP, CURRENT_TIMESTAMP + INTERVAL '3 days');
INSERT INTO ORDERS (USER_ID, STOCK_ID, AMOUNT, REMAINING_AMOUNT, TYPE, PRICE_TYPE, PRICE, DATE_CREATION, DATE_EXPIRATION) VALUES (10, 5, 17, 17, 'BUYING_ORDER', 'LESS_OR_EQUAL', 2.93, CURRENT_TIMESTAMP, CURRENT_TIMESTAMP + INTERVAL '3 days');
INSERT INTO ORDERS (USER_ID, STOCK_ID, AMOUNT, REMAINING_AMOUNT, TYPE, PRICE_TYPE, PRICE, DATE_CREATION, DATE_EXPIRATION) VALUES (11, 5, 17, 17, 'BUYING_ORDER', 'EQUAL', 4.93, CURRENT_TIMESTAMP, CURRENT_TIMESTAMP + INTERVAL '3 days');
INSERT INTO ORDERS (USER_ID, STOCK_ID, AMOUNT, REMAINING_AMOUNT, TYPE, PRICE_TYPE, PRICE, DATE_CREATION, DATE_EXPIRATION) VALUES (10, 6, 1, 1, 'BUYING_ORDER', 'LESS_OR_EQUAL', 3.28, CURRENT_TIMESTAMP, CURRENT_TIMESTAMP + INTERVAL '3 days');
INSERT INTO ORDERS (USER_ID, STOCK_ID, AMOUNT, REMAINING_AMOUNT, TYPE, PRICE_TYPE, PRICE, DATE_CREATION, DATE_EXPIRATION) VALUES (11, 6, 1, 1, 'BUYING_ORDER', 'LESS_OR_EQUAL', 2.28, CURRENT_TIMESTAMP, CURRENT_TIMESTAMP + INTERVAL '3 days');
INSERT INTO ORDERS (USER_ID, STOCK_ID, AMOUNT, REMAINING_AMOUNT, TYPE, PRICE_TYPE, PRICE, DATE_CREATION, DATE_EXPIRATION) VALUES (12, 6, 1, 1, 'BUYING_ORDER', 'EQUAL', 4.28, CURRENT_TIMESTAMP, CURRENT_TIMESTAMP + INTERVAL '3 days');
INSERT INTO ORDERS (USER_ID, STOCK_ID, AMOUNT, REMAINING_AMOUNT, TYPE, PRICE_TYPE, PRICE, DATE_CREATION, DATE_EXPIRATION) VALUES (11, 7, 6, 6, 'BUYING_ORDER', 'LESS_OR_EQUAL', 7.39, CURRENT_TIMESTAMP, CURRENT_TIMESTAMP + INTERVAL '3 days');
INSERT INTO ORDERS (USER_ID, STOCK_ID, AMOUNT, REMAINING_AMOUNT, TYPE, PRICE_TYPE, PRICE, DATE_CREATION, DATE_EXPIRATION) VALUES (12, 7, 6, 6, 'BUYING_ORDER', 'LESS_OR_EQUAL', 6.39, CURRENT_TIMESTAMP, CURRENT_TIMESTAMP + INTERVAL '3 days');
INSERT INTO ORDERS (USER_ID, STOCK_ID, AMOUNT, REMAINING_AMOUNT, TYPE, PRICE_TYPE, PRICE, DATE_CREATION, DATE_EXPIRATION) VALUES (13, 7, 6, 6, 'BUYING_ORDER', 'EQUAL', 8.39, CURRENT_TIMESTAMP, CURRENT_TIMESTAMP + INTERVAL '3 days');
INSERT INTO ORDERS (USER_ID, STOCK_ID, AMOUNT, REMAINING_AMOUNT, TYPE, PRICE_TYPE, PRICE, DATE_CREATION, DATE_EXPIRATION) VALUES (12, 8, 23, 23, 'BUYING_ORDER', 'LESS_OR_EQUAL', 2.85, CURRENT_TIMESTAMP, CURRENT_TIMESTAMP + INTERVAL '3 days');
INSERT INTO ORDERS (USER_ID, STOCK_ID, AMOUNT, REMAINING_AMOUNT, TYPE, PRICE_TYPE, PRICE, DATE_CREATION, DATE_EXPIRATION) VALUES (13, 8, 23, 23, 'BUYING_ORDER', 'LESS_OR_EQUAL', 1.85, CURRENT_TIMESTAMP, CURRENT_TIMESTAMP + INTERVAL '3 days');
INSERT INTO ORDERS (USER_ID, STOCK_ID, AMOUNT, REMAINING_AMOUNT, TYPE, PRICE_TYPE, PRICE, DATE_CREATION, DATE_EXPIRATION) VALUES (14, 8, 23, 23, 'BUYING_ORDER', 'EQUAL', 3.85, CURRENT_TIMESTAMP, CURRENT_TIMESTAMP + INTERVAL '3 days');
INSERT INTO ORDERS (USER_ID, STOCK_ID, AMOUNT, REMAINING_AMOUNT, TYPE, PRICE_TYPE, PRICE, DATE_CREATION, DATE_EXPIRATION) VALUES (13, 9, 16, 16, 'BUYING_ORDER', 'LESS_OR_EQUAL', 5.63, CURRENT_TIMESTAMP, CURRENT_TIMESTAMP + INTERVAL '3 days');
INSERT INTO ORDERS (USER_ID, STOCK_ID, AMOUNT, REMAINING_AMOUNT, TYPE, PRICE_TYPE, PRICE, DATE_CREATION, DATE_EXPIRATION) VALUES (14, 9, 16, 16, 'BUYING_ORDER', 'LESS_OR_EQUAL', 4.63, CURRENT_TIMESTAMP, CURRENT_TIMESTAMP + INTERVAL '3 days');
INSERT INTO ORDERS (USER_ID, STOCK_ID, AMOUNT, REMAINING_AMOUNT, TYPE, PRICE_TYPE, PRICE, DATE_CREATION, DATE_EXPIRATION) VALUES (15, 9, 16, 16, 'BUYING_ORDER', 'EQUAL', 6.63, CURRENT_TIMESTAMP, CURRENT_TIMESTAMP + INTERVAL '3 days');
INSERT INTO ORDERS (USER_ID, STOCK_ID, AMOUNT, REMAINING_AMOUNT, TYPE, PRICE_TYPE, PRICE, DATE_CREATION, DATE_EXPIRATION) VALUES (14, 10, 14, 14, 'BUYING_ORDER', 'LESS_OR_EQUAL', 8.39, CURRENT_TIMESTAMP, CURRENT_TIMESTAMP + INTERVAL '3 days');
INSERT INTO ORDERS (USER_ID, STOCK_ID, AMOUNT, REMAINING_AMOUNT, TYPE, PRICE_TYPE, PRICE, DATE_CREATION, DATE_EXPIRATION) VALUES (15, 10, 14, 14, 'BUYING_ORDER', 'LESS_OR_EQUAL', 7.39, CURRENT_TIMESTAMP, CURRENT_TIMESTAMP + INTERVAL '3 days');
INSERT INTO ORDERS (USER_ID, STOCK_ID, AMOUNT, REMAINING_AMOUNT, TYPE, PRICE_TYPE, PRICE, DATE_CREATION, DATE_EXPIRATION) VALUES (16, 10, 14, 14, 'BUYING_ORDER', 'EQUAL', 9.39, CURRENT_TIMESTAMP, CURRENT_TIMESTAMP + INTERVAL '3 days');
INSERT INTO ORDERS (USER_ID, STOCK_ID, AMOUNT, REMAINING_AMOUNT, TYPE, PRICE_TYPE, PRICE, DATE_CREATION, DATE_EXPIRATION) VALUES (15, 11, 11, 11, 'BUYING_ORDER', 'LESS_OR_EQUAL', 2.76, CURRENT_TIMESTAMP, CURRENT_TIMESTAMP + INTERVAL '3 days');
INSERT INTO ORDERS (USER_ID, STOCK_ID, AMOUNT, REMAINING_AMOUNT, TYPE, PRICE_TYPE, PRICE, DATE_CREATION, DATE_EXPIRATION) VALUES (16, 11, 11, 11, 'BUYING_ORDER', 'LESS_OR_EQUAL', 1.76, CURRENT_TIMESTAMP, CURRENT_TIMESTAMP + INTERVAL '3 days');
INSERT INTO ORDERS (USER_ID, STOCK_ID, AMOUNT, REMAINING_AMOUNT, TYPE, PRICE_TYPE, PRICE, DATE_CREATION, DATE_EXPIRATION) VALUES (17, 11, 11, 11, 'BUYING_ORDER', 'EQUAL', 3.76, CURRENT_TIMESTAMP, CURRENT_TIMESTAMP + INTERVAL '3 days');
INSERT INTO ORDERS (USER_ID, STOCK_ID, AMOUNT, REMAINING_AMOUNT, TYPE, PRICE_TYPE, PRICE, DATE_CREATION, DATE_EXPIRATION) VALUES (16, 12, 6, 6, 'BUYING_ORDER', 'LESS_OR_EQUAL', 8.72, CURRENT_TIMESTAMP, CURRENT_TIMESTAMP + INTERVAL '3 days');
INSERT INTO ORDERS (USER_ID, STOCK_ID, AMOUNT, REMAINING_AMOUNT, TYPE, PRICE_TYPE, PRICE, DATE_CREATION, DATE_EXPIRATION) VALUES (17, 12, 6, 6, 'BUYING_ORDER', 'LESS_OR_EQUAL', 7.72, CURRENT_TIMESTAMP, CURRENT_TIMESTAMP + INTERVAL '3 days');
INSERT INTO ORDERS (USER_ID, STOCK_ID, AMOUNT, REMAINING_AMOUNT, TYPE, PRICE_TYPE, PRICE, DATE_CREATION, DATE_EXPIRATION) VALUES (18, 12, 6, 6, 'BUYING_ORDER', 'EQUAL', 9.72, CURRENT_TIMESTAMP, CURRENT_TIMESTAMP + INTERVAL '3 days');
INSERT INTO ORDERS (USER_ID, STOCK_ID, AMOUNT, REMAINING_AMOUNT, TYPE, PRICE_TYPE, PRICE, DATE_CREATION, DATE_EXPIRATION) VALUES (17, 13, 8, 8, 'BUYING_ORDER', 'LESS_OR_EQUAL', 4.21, CURRENT_TIMESTAMP, CURRENT_TIMESTAMP + INTERVAL '3 days');
INSERT INTO ORDERS (USER_ID, STOCK_ID, AMOUNT, REMAINING_AMOUNT, TYPE, PRICE_TYPE, PRICE, DATE_CREATION, DATE_EXPIRATION) VALUES (18, 13, 8, 8, 'BUYING_ORDER', 'LESS_OR_EQUAL', 3.21, CURRENT_TIMESTAMP, CURRENT_TIMESTAMP + INTERVAL '3 days');
INSERT INTO ORDERS (USER_ID, STOCK_ID, AMOUNT, REMAINING_AMOUNT, TYPE, PRICE_TYPE, PRICE, DATE_CREATION, DATE_EXPIRATION) VALUES (19, 13, 8, 8, 'BUYING_ORDER', 'EQUAL', 5.21, CURRENT_TIMESTAMP, CURRENT_TIMESTAMP + INTERVAL '3 days');
INSERT INTO ORDERS (USER_ID, STOCK_ID, AMOUNT, REMAINING_AMOUNT, TYPE, PRICE_TYPE, PRICE, DATE_CREATION, DATE_EXPIRATION) VALUES (18, 14, 18, 18, 'BUYING_ORDER', 'LESS_OR_EQUAL', 1.12, CURRENT_TIMESTAMP, CURRENT_TIMESTAMP + INTERVAL '3 days');
INSERT INTO ORDERS (USER_ID, STOCK_ID, AMOUNT, REMAINING_AMOUNT, TYPE, PRICE_TYPE, PRICE, DATE_CREATION, DATE_EXPIRATION) VALUES (19, 14, 18, 18, 'BUYING_ORDER', 'LESS_OR_EQUAL', 0.12, CURRENT_TIMESTAMP, CURRENT_TIMESTAMP + INTERVAL '3 days');
INSERT INTO ORDERS (USER_ID, STOCK_ID, AMOUNT, REMAINING_AMOUNT, TYPE, PRICE_TYPE, PRICE, DATE_CREATION, DATE_EXPIRATION) VALUES (20, 14, 18, 18, 'BUYING_ORDER', 'EQUAL', 2.12, CURRENT_TIMESTAMP, CURRENT_TIMESTAMP + INTERVAL '3 days');
INSERT INTO ORDERS (USER_ID, STOCK_ID, AMOUNT, REMAINING_AMOUNT, TYPE, PRICE_TYPE, PRICE, DATE_CREATION, DATE_EXPIRATION) VALUES (19, 15, 18, 18, 'BUYING_ORDER', 'LESS_OR_EQUAL', 2.17, CURRENT_TIMESTAMP, CURRENT_TIMESTAMP + INTERVAL '3 days');
INSERT INTO ORDERS (USER_ID, STOCK_ID, AMOUNT, REMAINING_AMOUNT, TYPE, PRICE_TYPE, PRICE, DATE_CREATION, DATE_EXPIRATION) VALUES (20, 15, 18, 18, 'BUYING_ORDER', 'LESS_OR_EQUAL', 1.17, CURRENT_TIMESTAMP, CURRENT_TIMESTAMP + INTERVAL '3 days');
INSERT INTO ORDERS (USER_ID, STOCK_ID, AMOUNT, REMAINING_AMOUNT, TYPE, PRICE_TYPE, PRICE, DATE_CREATION, DATE_EXPIRATION) VALUES (21, 15, 18, 18, 'BUYING_ORDER', 'EQUAL', 3.17, CURRENT_TIMESTAMP, CURRENT_TIMESTAMP + INTERVAL '3 days');
INSERT INTO ORDERS (USER_ID, STOCK_ID, AMOUNT, REMAINING_AMOUNT, TYPE, PRICE_TYPE, PRICE, DATE_CREATION, DATE_EXPIRATION) VALUES (20, 16, 18, 18, 'BUYING_ORDER', 'LESS_OR_EQUAL', 7.16, CURRENT_TIMESTAMP, CURRENT_TIMESTAMP + INTERVAL '3 days');
INSERT INTO ORDERS (USER_ID, STOCK_ID, AMOUNT, REMAINING_AMOUNT, TYPE, PRICE_TYPE, PRICE, DATE_CREATION, DATE_EXPIRATION) VALUES (21, 16, 18, 18, 'BUYING_ORDER', 'LESS_OR_EQUAL', 6.16, CURRENT_TIMESTAMP, CURRENT_TIMESTAMP + INTERVAL '3 days');
INSERT INTO ORDERS (USER_ID, STOCK_ID, AMOUNT, REMAINING_AMOUNT, TYPE, PRICE_TYPE, PRICE, DATE_CREATION, DATE_EXPIRATION) VALUES (22, 16, 18, 18, 'BUYING_ORDER', 'EQUAL', 8.16, CURRENT_TIMESTAMP, CURRENT_TIMESTAMP + INTERVAL '3 days');
INSERT INTO ORDERS (USER_ID, STOCK_ID, AMOUNT, REMAINING_AMOUNT, TYPE, PRICE_TYPE, PRICE, DATE_CREATION, DATE_EXPIRATION) VALUES (21, 17, 1, 1, 'BUYING_ORDER', 'LESS_OR_EQUAL', 5.53, CURRENT_TIMESTAMP, CURRENT_TIMESTAMP + INTERVAL '3 days');
INSERT INTO ORDERS (USER_ID, STOCK_ID, AMOUNT, REMAINING_AMOUNT, TYPE, PRICE_TYPE, PRICE, DATE_CREATION, DATE_EXPIRATION) VALUES (22, 17, 1, 1, 'BUYING_ORDER', 'LESS_OR_EQUAL', 4.53, CURRENT_TIMESTAMP, CURRENT_TIMESTAMP + INTERVAL '3 days');
INSERT INTO ORDERS (USER_ID, STOCK_ID, AMOUNT, REMAINING_AMOUNT, TYPE, PRICE_TYPE, PRICE, DATE_CREATION, DATE_EXPIRATION) VALUES (23, 17, 1, 1, 'BUYING_ORDER', 'EQUAL', 6.53, CURRENT_TIMESTAMP, CURRENT_TIMESTAMP + INTERVAL '3 days');
INSERT INTO ORDERS (USER_ID, STOCK_ID, AMOUNT, REMAINING_AMOUNT, TYPE, PRICE_TYPE, PRICE, DATE_CREATION, DATE_EXPIRATION) VALUES (22, 18, 21, 21, 'BUYING_ORDER', 'LESS_OR_EQUAL', 7.68, CURRENT_TIMESTAMP, CURRENT_TIMESTAMP + INTERVAL '3 days');
INSERT INTO ORDERS (USER_ID, STOCK_ID, AMOUNT, REMAINING_AMOUNT, TYPE, PRICE_TYPE, PRICE, DATE_CREATION, DATE_EXPIRATION) VALUES (23, 18, 21, 21, 'BUYING_ORDER', 'LESS_OR_EQUAL', 6.68, CURRENT_TIMESTAMP, CURRENT_TIMESTAMP + INTERVAL '3 days');
INSERT INTO ORDERS (USER_ID, STOCK_ID, AMOUNT, REMAINING_AMOUNT, TYPE, PRICE_TYPE, PRICE, DATE_CREATION, DATE_EXPIRATION) VALUES (24, 18, 21, 21, 'BUYING_ORDER', 'EQUAL', 8.68, CURRENT_TIMESTAMP, CURRENT_TIMESTAMP + INTERVAL '3 days');
INSERT INTO ORDERS (USER_ID, STOCK_ID, AMOUNT, REMAINING_AMOUNT, TYPE, PRICE_TYPE, PRICE, DATE_CREATION, DATE_EXPIRATION) VALUES (23, 19, 9, 9, 'BUYING_ORDER', 'LESS_OR_EQUAL', 5.02, CURRENT_TIMESTAMP, CURRENT_TIMESTAMP + INTERVAL '3 days');
INSERT INTO ORDERS (USER_ID, STOCK_ID, AMOUNT, REMAINING_AMOUNT, TYPE, PRICE_TYPE, PRICE, DATE_CREATION, DATE_EXPIRATION) VALUES (24, 19, 9, 9, 'BUYING_ORDER', 'LESS_OR_EQUAL', 4.02, CURRENT_TIMESTAMP, CURRENT_TIMESTAMP + INTERVAL '3 days');
INSERT INTO ORDERS (USER_ID, STOCK_ID, AMOUNT, REMAINING_AMOUNT, TYPE, PRICE_TYPE, PRICE, DATE_CREATION, DATE_EXPIRATION) VALUES (25, 19, 9, 9, 'BUYING_ORDER', 'EQUAL', 6.02, CURRENT_TIMESTAMP, CURRENT_TIMESTAMP + INTERVAL '3 days');
INSERT INTO ORDERS (USER_ID, STOCK_ID, AMOUNT, REMAINING_AMOUNT, TYPE, PRICE_TYPE, PRICE, DATE_CREATION, DATE_EXPIRATION) VALUES (24, 20, 23, 23, 'BUYING_ORDER', 'LESS_OR_EQUAL', 1.78, CURRENT_TIMESTAMP, CURRENT_TIMESTAMP + INTERVAL '3 days');
INSERT INTO ORDERS (USER_ID, STOCK_ID, AMOUNT, REMAINING_AMOUNT, TYPE, PRICE_TYPE, PRICE, DATE_CREATION, DATE_EXPIRATION) VALUES (25, 20, 23, 23, 'BUYING_ORDER', 'LESS_OR_EQUAL', 0.78, CURRENT_TIMESTAMP, CURRENT_TIMESTAMP + INTERVAL '3 days');
INSERT INTO ORDERS (USER_ID, STOCK_ID, AMOUNT, REMAINING_AMOUNT, TYPE, PRICE_TYPE, PRICE, DATE_CREATION, DATE_EXPIRATION) VALUES (26, 20, 23, 23, 'BUYING_ORDER', 'EQUAL', 2.78, CURRENT_TIMESTAMP, CURRENT_TIMESTAMP + INTERVAL '3 days');
INSERT INTO ORDERS (USER_ID, STOCK_ID, AMOUNT, REMAINING_AMOUNT, TYPE, PRICE_TYPE, PRICE, DATE_CREATION, DATE_EXPIRATION) VALUES (25, 21, 3, 3, 'BUYING_ORDER', 'LESS_OR_EQUAL', 3.32, CURRENT_TIMESTAMP, CURRENT_TIMESTAMP + INTERVAL '3 days');
INSERT INTO ORDERS (USER_ID, STOCK_ID, AMOUNT, REMAINING_AMOUNT, TYPE, PRICE_TYPE, PRICE, DATE_CREATION, DATE_EXPIRATION) VALUES (26, 21, 3, 3, 'BUYING_ORDER', 'LESS_OR_EQUAL', 2.32, CURRENT_TIMESTAMP, CURRENT_TIMESTAMP + INTERVAL '3 days');
INSERT INTO ORDERS (USER_ID, STOCK_ID, AMOUNT, REMAINING_AMOUNT, TYPE, PRICE_TYPE, PRICE, DATE_CREATION, DATE_EXPIRATION) VALUES (27, 21, 3, 3, 'BUYING_ORDER', 'EQUAL', 4.32, CURRENT_TIMESTAMP, CURRENT_TIMESTAMP + INTERVAL '3 days');
INSERT INTO ORDERS (USER_ID, STOCK_ID, AMOUNT, REMAINING_AMOUNT, TYPE, PRICE_TYPE, PRICE, DATE_CREATION, DATE_EXPIRATION) VALUES (26, 22, 6, 6, 'BUYING_ORDER', 'LESS_OR_EQUAL', 9.96, CURRENT_TIMESTAMP, CURRENT_TIMESTAMP + INTERVAL '3 days');
INSERT INTO ORDERS (USER_ID, STOCK_ID, AMOUNT, REMAINING_AMOUNT, TYPE, PRICE_TYPE, PRICE, DATE_CREATION, DATE_EXPIRATION) VALUES (27, 22, 6, 6, 'BUYING_ORDER', 'LESS_OR_EQUAL', 8.96, CURRENT_TIMESTAMP, CURRENT_TIMESTAMP + INTERVAL '3 days');
INSERT INTO ORDERS (USER_ID, STOCK_ID, AMOUNT, REMAINING_AMOUNT, TYPE, PRICE_TYPE, PRICE, DATE_CREATION, DATE_EXPIRATION) VALUES (28, 22, 6, 6, 'BUYING_ORDER', 'EQUAL', 10.96, CURRENT_TIMESTAMP, CURRENT_TIMESTAMP + INTERVAL '3 days');
INSERT INTO ORDERS (USER_ID, STOCK_ID, AMOUNT, REMAINING_AMOUNT, TYPE, PRICE_TYPE, PRICE, DATE_CREATION, DATE_EXPIRATION) VALUES (27, 23, 18, 18, 'BUYING_ORDER', 'LESS_OR_EQUAL', 4.29, CURRENT_TIMESTAMP, CURRENT_TIMESTAMP + INTERVAL '3 days');
INSERT INTO ORDERS (USER_ID, STOCK_ID, AMOUNT, REMAINING_AMOUNT, TYPE, PRICE_TYPE, PRICE, DATE_CREATION, DATE_EXPIRATION) VALUES (28, 23, 18, 18, 'BUYING_ORDER', 'LESS_OR_EQUAL', 3.29, CURRENT_TIMESTAMP, CURRENT_TIMESTAMP + INTERVAL '3 days');
INSERT INTO ORDERS (USER_ID, STOCK_ID, AMOUNT, REMAINING_AMOUNT, TYPE, PRICE_TYPE, PRICE, DATE_CREATION, DATE_EXPIRATION) VALUES (29, 23, 18, 18, 'BUYING_ORDER', 'EQUAL', 5.29, CURRENT_TIMESTAMP, CURRENT_TIMESTAMP + INTERVAL '3 days');
INSERT INTO ORDERS (USER_ID, STOCK_ID, AMOUNT, REMAINING_AMOUNT, TYPE, PRICE_TYPE, PRICE, DATE_CREATION, DATE_EXPIRATION) VALUES (28, 24, 8, 8, 'BUYING_ORDER', 'LESS_OR_EQUAL', 9.70, CURRENT_TIMESTAMP, CURRENT_TIMESTAMP + INTERVAL '3 days');
INSERT INTO ORDERS (USER_ID, STOCK_ID, AMOUNT, REMAINING_AMOUNT, TYPE, PRICE_TYPE, PRICE, DATE_CREATION, DATE_EXPIRATION) VALUES (29, 24, 8, 8, 'BUYING_ORDER', 'LESS_OR_EQUAL', 8.70, CURRENT_TIMESTAMP, CURRENT_TIMESTAMP + INTERVAL '3 days');
INSERT INTO ORDERS (USER_ID, STOCK_ID, AMOUNT, REMAINING_AMOUNT, TYPE, PRICE_TYPE, PRICE, DATE_CREATION, DATE_EXPIRATION) VALUES (30, 24, 8, 8, 'BUYING_ORDER', 'EQUAL', 10.70, CURRENT_TIMESTAMP, CURRENT_TIMESTAMP + INTERVAL '3 days');
INSERT INTO ORDERS (USER_ID, STOCK_ID, AMOUNT, REMAINING_AMOUNT, TYPE, PRICE_TYPE, PRICE, DATE_CREATION, DATE_EXPIRATION) VALUES (29, 25, 21, 21, 'BUYING_ORDER', 'LESS_OR_EQUAL', 9.91, CURRENT_TIMESTAMP, CURRENT_TIMESTAMP + INTERVAL '3 days');
INSERT INTO ORDERS (USER_ID, STOCK_ID, AMOUNT, REMAINING_AMOUNT, TYPE, PRICE_TYPE, PRICE, DATE_CREATION, DATE_EXPIRATION) VALUES (30, 25, 21, 21, 'BUYING_ORDER', 'LESS_OR_EQUAL', 8.91, CURRENT_TIMESTAMP, CURRENT_TIMESTAMP + INTERVAL '3 days');
INSERT INTO ORDERS (USER_ID, STOCK_ID, AMOUNT, REMAINING_AMOUNT, TYPE, PRICE_TYPE, PRICE, DATE_CREATION, DATE_EXPIRATION) VALUES (31, 25, 21, 21, 'BUYING_ORDER', 'EQUAL', 10.91, CURRENT_TIMESTAMP, CURRENT_TIMESTAMP + INTERVAL '3 days');
INSERT INTO ORDERS (USER_ID, STOCK_ID, AMOUNT, REMAINING_AMOUNT, TYPE, PRICE_TYPE, PRICE, DATE_CREATION, DATE_EXPIRATION) VALUES (30, 26, 6, 6, 'BUYING_ORDER', 'LESS_OR_EQUAL', 9.88, CURRENT_TIMESTAMP, CURRENT_TIMESTAMP + INTERVAL '3 days');
INSERT INTO ORDERS (USER_ID, STOCK_ID, AMOUNT, REMAINING_AMOUNT, TYPE, PRICE_TYPE, PRICE, DATE_CREATION, DATE_EXPIRATION) VALUES (31, 26, 6, 6, 'BUYING_ORDER', 'LESS_OR_EQUAL', 8.88, CURRENT_TIMESTAMP, CURRENT_TIMESTAMP + INTERVAL '3 days');
INSERT INTO ORDERS (USER_ID, STOCK_ID, AMOUNT, REMAINING_AMOUNT, TYPE, PRICE_TYPE, PRICE, DATE_CREATION, DATE_EXPIRATION) VALUES (32, 26, 6, 6, 'BUYING_ORDER', 'EQUAL', 10.88, CURRENT_TIMESTAMP, CURRENT_TIMESTAMP + INTERVAL '3 days');
INSERT INTO ORDERS (USER_ID, STOCK_ID, AMOUNT, REMAINING_AMOUNT, TYPE, PRICE_TYPE, PRICE, DATE_CREATION, DATE_EXPIRATION) VALUES (31, 27, 1, 1, 'BUYING_ORDER', 'LESS_OR_EQUAL', 2.05, CURRENT_TIMESTAMP, CURRENT_TIMESTAMP + INTERVAL '3 days');
INSERT INTO ORDERS (USER_ID, STOCK_ID, AMOUNT, REMAINING_AMOUNT, TYPE, PRICE_TYPE, PRICE, DATE_CREATION, DATE_EXPIRATION) VALUES (32, 27, 1, 1, 'BUYING_ORDER', 'LESS_OR_EQUAL', 1.05, CURRENT_TIMESTAMP, CURRENT_TIMESTAMP + INTERVAL '3 days');
INSERT INTO ORDERS (USER_ID, STOCK_ID, AMOUNT, REMAINING_AMOUNT, TYPE, PRICE_TYPE, PRICE, DATE_CREATION, DATE_EXPIRATION) VALUES (33, 27, 1, 1, 'BUYING_ORDER', 'EQUAL', 3.05, CURRENT_TIMESTAMP, CURRENT_TIMESTAMP + INTERVAL '3 days');
INSERT INTO ORDERS (USER_ID, STOCK_ID, AMOUNT, REMAINING_AMOUNT, TYPE, PRICE_TYPE, PRICE, DATE_CREATION, DATE_EXPIRATION) VALUES (32, 28, 6, 6, 'BUYING_ORDER', 'LESS_OR_EQUAL', 9.59, CURRENT_TIMESTAMP, CURRENT_TIMESTAMP + INTERVAL '3 days');
INSERT INTO ORDERS (USER_ID, STOCK_ID, AMOUNT, REMAINING_AMOUNT, TYPE, PRICE_TYPE, PRICE, DATE_CREATION, DATE_EXPIRATION) VALUES (33, 28, 6, 6, 'BUYING_ORDER', 'LESS_OR_EQUAL', 8.59, CURRENT_TIMESTAMP, CURRENT_TIMESTAMP + INTERVAL '3 days');
INSERT INTO ORDERS (USER_ID, STOCK_ID, AMOUNT, REMAINING_AMOUNT, TYPE, PRICE_TYPE, PRICE, DATE_CREATION, DATE_EXPIRATION) VALUES (34, 28, 6, 6, 'BUYING_ORDER', 'EQUAL', 10.59, CURRENT_TIMESTAMP, CURRENT_TIMESTAMP + INTERVAL '3 days');
INSERT INTO ORDERS (USER_ID, STOCK_ID, AMOUNT, REMAINING_AMOUNT, TYPE, PRICE_TYPE, PRICE, DATE_CREATION, DATE_EXPIRATION) VALUES (33, 29, 20, 20, 'BUYING_ORDER', 'LESS_OR_EQUAL', 1.12, CURRENT_TIMESTAMP, CURRENT_TIMESTAMP + INTERVAL '3 days');
INSERT INTO ORDERS (USER_ID, STOCK_ID, AMOUNT, REMAINING_AMOUNT, TYPE, PRICE_TYPE, PRICE, DATE_CREATION, DATE_EXPIRATION) VALUES (34, 29, 20, 20, 'BUYING_ORDER', 'LESS_OR_EQUAL', 0.12, CURRENT_TIMESTAMP, CURRENT_TIMESTAMP + INTERVAL '3 days');
INSERT INTO ORDERS (USER_ID, STOCK_ID, AMOUNT, REMAINING_AMOUNT, TYPE, PRICE_TYPE, PRICE, DATE_CREATION, DATE_EXPIRATION) VALUES (35, 29, 20, 20, 'BUYING_ORDER', 'EQUAL', 2.12, CURRENT_TIMESTAMP, CURRENT_TIMESTAMP + INTERVAL '3 days');
INSERT INTO ORDERS (USER_ID, STOCK_ID, AMOUNT, REMAINING_AMOUNT, TYPE, PRICE_TYPE, PRICE, DATE_CREATION, DATE_EXPIRATION) VALUES (34, 30, 12, 12, 'BUYING_ORDER', 'LESS_OR_EQUAL', 1.57, CURRENT_TIMESTAMP, CURRENT_TIMESTAMP + INTERVAL '3 days');
INSERT INTO ORDERS (USER_ID, STOCK_ID, AMOUNT, REMAINING_AMOUNT, TYPE, PRICE_TYPE, PRICE, DATE_CREATION, DATE_EXPIRATION) VALUES (35, 30, 12, 12, 'BUYING_ORDER', 'LESS_OR_EQUAL', 0.57, CURRENT_TIMESTAMP, CURRENT_TIMESTAMP + INTERVAL '3 days');
INSERT INTO ORDERS (USER_ID, STOCK_ID, AMOUNT, REMAINING_AMOUNT, TYPE, PRICE_TYPE, PRICE, DATE_CREATION, DATE_EXPIRATION) VALUES (36, 30, 12, 12, 'BUYING_ORDER', 'EQUAL', 2.57, CURRENT_TIMESTAMP, CURRENT_TIMESTAMP + INTERVAL '3 days');
INSERT INTO ORDERS (USER_ID, STOCK_ID, AMOUNT, REMAINING_AMOUNT, TYPE, PRICE_TYPE, PRICE, DATE_CREATION, DATE_EXPIRATION) VALUES (35, 31, 13, 13, 'BUYING_ORDER', 'LESS_OR_EQUAL', 5.84, CURRENT_TIMESTAMP, CURRENT_TIMESTAMP + INTERVAL '3 days');
INSERT INTO ORDERS (USER_ID, STOCK_ID, AMOUNT, REMAINING_AMOUNT, TYPE, PRICE_TYPE, PRICE, DATE_CREATION, DATE_EXPIRATION) VALUES (36, 31, 13, 13, 'BUYING_ORDER', 'LESS_OR_EQUAL', 4.84, CURRENT_TIMESTAMP, CURRENT_TIMESTAMP + INTERVAL '3 days');
INSERT INTO ORDERS (USER_ID, STOCK_ID, AMOUNT, REMAINING_AMOUNT, TYPE, PRICE_TYPE, PRICE, DATE_CREATION, DATE_EXPIRATION) VALUES (37, 31, 13, 13, 'BUYING_ORDER', 'EQUAL', 6.84, CURRENT_TIMESTAMP, CURRENT_TIMESTAMP + INTERVAL '3 days');
INSERT INTO ORDERS (USER_ID, STOCK_ID, AMOUNT, REMAINING_AMOUNT, TYPE, PRICE_TYPE, PRICE, DATE_CREATION, DATE_EXPIRATION) VALUES (36, 32, 20, 20, 'BUYING_ORDER', 'LESS_OR_EQUAL', 3.12, CURRENT_TIMESTAMP, CURRENT_TIMESTAMP + INTERVAL '3 days');
INSERT INTO ORDERS (USER_ID, STOCK_ID, AMOUNT, REMAINING_AMOUNT, TYPE, PRICE_TYPE, PRICE, DATE_CREATION, DATE_EXPIRATION) VALUES (37, 32, 20, 20, 'BUYING_ORDER', 'LESS_OR_EQUAL', 2.12, CURRENT_TIMESTAMP, CURRENT_TIMESTAMP + INTERVAL '3 days');
INSERT INTO ORDERS (USER_ID, STOCK_ID, AMOUNT, REMAINING_AMOUNT, TYPE, PRICE_TYPE, PRICE, DATE_CREATION, DATE_EXPIRATION) VALUES (38, 32, 20, 20, 'BUYING_ORDER', 'EQUAL', 4.12, CURRENT_TIMESTAMP, CURRENT_TIMESTAMP + INTERVAL '3 days');
INSERT INTO ORDERS (USER_ID, STOCK_ID, AMOUNT, REMAINING_AMOUNT, TYPE, PRICE_TYPE, PRICE, DATE_CREATION, DATE_EXPIRATION) VALUES (37, 33, 4, 4, 'BUYING_ORDER', 'LESS_OR_EQUAL', 6.25, CURRENT_TIMESTAMP, CURRENT_TIMESTAMP + INTERVAL '3 days');
INSERT INTO ORDERS (USER_ID, STOCK_ID, AMOUNT, REMAINING_AMOUNT, TYPE, PRICE_TYPE, PRICE, DATE_CREATION, DATE_EXPIRATION) VALUES (38, 33, 4, 4, 'BUYING_ORDER', 'LESS_OR_EQUAL', 5.25, CURRENT_TIMESTAMP, CURRENT_TIMESTAMP + INTERVAL '3 days');
INSERT INTO ORDERS (USER_ID, STOCK_ID, AMOUNT, REMAINING_AMOUNT, TYPE, PRICE_TYPE, PRICE, DATE_CREATION, DATE_EXPIRATION) VALUES (39, 33, 4, 4, 'BUYING_ORDER', 'EQUAL', 7.25, CURRENT_TIMESTAMP, CURRENT_TIMESTAMP + INTERVAL '3 days');
INSERT INTO ORDERS (USER_ID, STOCK_ID, AMOUNT, REMAINING_AMOUNT, TYPE, PRICE_TYPE, PRICE, DATE_CREATION, DATE_EXPIRATION) VALUES (38, 34, 10, 10, 'BUYING_ORDER', 'LESS_OR_EQUAL', 8.08, CURRENT_TIMESTAMP, CURRENT_TIMESTAMP + INTERVAL '3 days');
INSERT INTO ORDERS (USER_ID, STOCK_ID, AMOUNT, REMAINING_AMOUNT, TYPE, PRICE_TYPE, PRICE, DATE_CREATION, DATE_EXPIRATION) VALUES (39, 34, 10, 10, 'BUYING_ORDER', 'LESS_OR_EQUAL', 7.08, CURRENT_TIMESTAMP, CURRENT_TIMESTAMP + INTERVAL '3 days');
INSERT INTO ORDERS (USER_ID, STOCK_ID, AMOUNT, REMAINING_AMOUNT, TYPE, PRICE_TYPE, PRICE, DATE_CREATION, DATE_EXPIRATION) VALUES (40, 34, 10, 10, 'BUYING_ORDER', 'EQUAL', 9.08, CURRENT_TIMESTAMP, CURRENT_TIMESTAMP + INTERVAL '3 days');
INSERT INTO ORDERS (USER_ID, STOCK_ID, AMOUNT, REMAINING_AMOUNT, TYPE, PRICE_TYPE, PRICE, DATE_CREATION, DATE_EXPIRATION) VALUES (39, 35, 15, 15, 'BUYING_ORDER', 'LESS_OR_EQUAL', 6.30, CURRENT_TIMESTAMP, CURRENT_TIMESTAMP + INTERVAL '3 days');
INSERT INTO ORDERS (USER_ID, STOCK_ID, AMOUNT, REMAINING_AMOUNT, TYPE, PRICE_TYPE, PRICE, DATE_CREATION, DATE_EXPIRATION) VALUES (40, 35, 15, 15, 'BUYING_ORDER', 'LESS_OR_EQUAL', 5.30, CURRENT_TIMESTAMP, CURRENT_TIMESTAMP + INTERVAL '3 days');
INSERT INTO ORDERS (USER_ID, STOCK_ID, AMOUNT, REMAINING_AMOUNT, TYPE, PRICE_TYPE, PRICE, DATE_CREATION, DATE_EXPIRATION) VALUES (40, 35, 15, 15, 'BUYING_ORDER', 'EQUAL', 7.30, CURRENT_TIMESTAMP, CURRENT_TIMESTAMP + INTERVAL '3 days');
INSERT INTO ORDERS (USER_ID, STOCK_ID, AMOUNT, REMAINING_AMOUNT, TYPE, PRICE_TYPE, PRICE, DATE_CREATION, DATE_EXPIRATION) VALUES (40, 36, 21, 21, 'BUYING_ORDER', 'LESS_OR_EQUAL', 7.12, CURRENT_TIMESTAMP, CURRENT_TIMESTAMP + INTERVAL '3 days');
INSERT INTO ORDERS (USER_ID, STOCK_ID, AMOUNT, REMAINING_AMOUNT, TYPE, PRICE_TYPE, PRICE, DATE_CREATION, DATE_EXPIRATION) VALUES (40, 36, 21, 21, 'BUYING_ORDER', 'LESS_OR_EQUAL', 6.12, CURRENT_TIMESTAMP, CURRENT_TIMESTAMP + INTERVAL '3 days');
INSERT INTO ORDERS (USER_ID, STOCK_ID, AMOUNT, REMAINING_AMOUNT, TYPE, PRICE_TYPE, PRICE, DATE_CREATION, DATE_EXPIRATION) VALUES (40, 36, 21, 21, 'BUYING_ORDER', 'EQUAL', 8.12, CURRENT_TIMESTAMP, CURRENT_TIMESTAMP + INTERVAL '3 days');
INSERT INTO ORDERS (USER_ID, STOCK_ID, AMOUNT, REMAINING_AMOUNT, TYPE, PRICE_TYPE, PRICE, DATE_CREATION, DATE_EXPIRATION) VALUES (40, 37, 11, 11, 'BUYING_ORDER', 'LESS_OR_EQUAL', 1.88, CURRENT_TIMESTAMP, CURRENT_TIMESTAMP + INTERVAL '3 days');
INSERT INTO ORDERS (USER_ID, STOCK_ID, AMOUNT, REMAINING_AMOUNT, TYPE, PRICE_TYPE, PRICE, DATE_CREATION, DATE_EXPIRATION) VALUES (40, 37, 11, 11, 'BUYING_ORDER', 'LESS_OR_EQUAL', 0.88, CURRENT_TIMESTAMP, CURRENT_TIMESTAMP + INTERVAL '3 days');
INSERT INTO ORDERS (USER_ID, STOCK_ID, AMOUNT, REMAINING_AMOUNT, TYPE, PRICE_TYPE, PRICE, DATE_CREATION, DATE_EXPIRATION) VALUES (2, 37, 11, 11, 'BUYING_ORDER', 'EQUAL', 2.88, CURRENT_TIMESTAMP, CURRENT_TIMESTAMP + INTERVAL '3 days');
INSERT INTO ORDERS (USER_ID, STOCK_ID, AMOUNT, REMAINING_AMOUNT, TYPE, PRICE_TYPE, PRICE, DATE_CREATION, DATE_EXPIRATION) VALUES (40, 38, 11, 11, 'BUYING_ORDER', 'LESS_OR_EQUAL', 5.04, CURRENT_TIMESTAMP, CURRENT_TIMESTAMP + INTERVAL '3 days');
INSERT INTO ORDERS (USER_ID, STOCK_ID, AMOUNT, REMAINING_AMOUNT, TYPE, PRICE_TYPE, PRICE, DATE_CREATION, DATE_EXPIRATION) VALUES (2, 38, 11, 11, 'BUYING_ORDER', 'LESS_OR_EQUAL', 4.04, CURRENT_TIMESTAMP, CURRENT_TIMESTAMP + INTERVAL '3 days');
INSERT INTO ORDERS (USER_ID, STOCK_ID, AMOUNT, REMAINING_AMOUNT, TYPE, PRICE_TYPE, PRICE, DATE_CREATION, DATE_EXPIRATION) VALUES (3, 38, 11, 11, 'BUYING_ORDER', 'EQUAL', 6.04, CURRENT_TIMESTAMP, CURRENT_TIMESTAMP + INTERVAL '3 days');
INSERT INTO ORDERS (USER_ID, STOCK_ID, AMOUNT, REMAINING_AMOUNT, TYPE, PRICE_TYPE, PRICE, DATE_CREATION, DATE_EXPIRATION) VALUES (2, 39, 17, 17, 'BUYING_ORDER', 'LESS_OR_EQUAL', 9.94, CURRENT_TIMESTAMP, CURRENT_TIMESTAMP + INTERVAL '3 days');
INSERT INTO ORDERS (USER_ID, STOCK_ID, AMOUNT, REMAINING_AMOUNT, TYPE, PRICE_TYPE, PRICE, DATE_CREATION, DATE_EXPIRATION) VALUES (3, 39, 17, 17, 'BUYING_ORDER', 'LESS_OR_EQUAL', 8.94, CURRENT_TIMESTAMP, CURRENT_TIMESTAMP + INTERVAL '3 days');
INSERT INTO ORDERS (USER_ID, STOCK_ID, AMOUNT, REMAINING_AMOUNT, TYPE, PRICE_TYPE, PRICE, DATE_CREATION, DATE_EXPIRATION) VALUES (4, 39, 17, 17, 'BUYING_ORDER', 'EQUAL', 10.94, CURRENT_TIMESTAMP, CURRENT_TIMESTAMP + INTERVAL '3 days');
SELECT setval('ORDER_SEQUENCE', MAX(id)) FROM ORDERS;
COMMIT;

BEGIN;
INSERT INTO STOCK_INDEX_VALUES(STOCK_ID, VALUE, TIMESTAMP) VALUES (1,'14287.97',CURRENT_TIMESTAMP);
INSERT INTO STOCK_INDEX_VALUES(STOCK_ID, VALUE, TIMESTAMP) VALUES (2,'32355.12',CURRENT_TIMESTAMP);
INSERT INTO STOCK_INDEX_VALUES(STOCK_ID, VALUE, TIMESTAMP) VALUES (3,'31257.48',CURRENT_TIMESTAMP);
INSERT INTO STOCK_INDEX_VALUES(STOCK_ID, VALUE, TIMESTAMP) VALUES (4,'25855.71',CURRENT_TIMESTAMP);
INSERT INTO STOCK_INDEX_VALUES(STOCK_ID, VALUE, TIMESTAMP) VALUES (5,'18200.74',CURRENT_TIMESTAMP);
INSERT INTO STOCK_INDEX_VALUES(STOCK_ID, VALUE, TIMESTAMP) VALUES (6,'2481.7',CURRENT_TIMESTAMP);
INSERT INTO STOCK_INDEX_VALUES(STOCK_ID, VALUE, TIMESTAMP) VALUES (7,'810.4',CURRENT_TIMESTAMP);
INSERT INTO STOCK_INDEX_VALUES(STOCK_ID, VALUE, TIMESTAMP) VALUES (8,'20639.41',CURRENT_TIMESTAMP);
INSERT INTO STOCK_INDEX_VALUES(STOCK_ID, VALUE, TIMESTAMP) VALUES (9,'2170.47',CURRENT_TIMESTAMP);
INSERT INTO STOCK_INDEX_VALUES(STOCK_ID, VALUE, TIMESTAMP) VALUES (10,'17362.37',CURRENT_TIMESTAMP);
INSERT INTO STOCK_INDEX_VALUES(STOCK_ID, VALUE, TIMESTAMP) VALUES (11,'26233.84',CURRENT_TIMESTAMP);
INSERT INTO STOCK_INDEX_VALUES(STOCK_ID, VALUE, TIMESTAMP) VALUES (12,'14833.8',CURRENT_TIMESTAMP);
INSERT INTO STOCK_INDEX_VALUES(STOCK_ID, VALUE, TIMESTAMP) VALUES (13,'11403.72',CURRENT_TIMESTAMP);
INSERT INTO STOCK_INDEX_VALUES(STOCK_ID, VALUE, TIMESTAMP) VALUES (14,'26460.91',CURRENT_TIMESTAMP);
INSERT INTO STOCK_INDEX_VALUES(STOCK_ID, VALUE, TIMESTAMP) VALUES (15,'23089.19',CURRENT_TIMESTAMP);
INSERT INTO STOCK_INDEX_VALUES(STOCK_ID, VALUE, TIMESTAMP) VALUES (16,'936',CURRENT_TIMESTAMP);
INSERT INTO STOCK_INDEX_VALUES(STOCK_ID, VALUE, TIMESTAMP) VALUES (17,'6773.02',CURRENT_TIMESTAMP);
INSERT INTO STOCK_INDEX_VALUES(STOCK_ID, VALUE, TIMESTAMP) VALUES (18,'27077.07',CURRENT_TIMESTAMP);
INSERT INTO STOCK_INDEX_VALUES(STOCK_ID, VALUE, TIMESTAMP) VALUES (19,'16216.46',CURRENT_TIMESTAMP);
INSERT INTO STOCK_INDEX_VALUES(STOCK_ID, VALUE, TIMESTAMP) VALUES (20,'3416.24',CURRENT_TIMESTAMP);
INSERT INTO STOCK_INDEX_VALUES(STOCK_ID, VALUE, TIMESTAMP) VALUES (21,'2842.26',CURRENT_TIMESTAMP);
INSERT INTO STOCK_INDEX_VALUES(STOCK_ID, VALUE, TIMESTAMP) VALUES (22,'3712.97',CURRENT_TIMESTAMP);
INSERT INTO STOCK_INDEX_VALUES(STOCK_ID, VALUE, TIMESTAMP) VALUES (23,'14322.3',CURRENT_TIMESTAMP);
INSERT INTO STOCK_INDEX_VALUES(STOCK_ID, VALUE, TIMESTAMP) VALUES (24,'29877.87',CURRENT_TIMESTAMP);
INSERT INTO STOCK_INDEX_VALUES(STOCK_ID, VALUE, TIMESTAMP) VALUES (25,'2121.51',CURRENT_TIMESTAMP);
INSERT INTO STOCK_INDEX_VALUES(STOCK_ID, VALUE, TIMESTAMP) VALUES (26,'6726.97',CURRENT_TIMESTAMP);
INSERT INTO STOCK_INDEX_VALUES(STOCK_ID, VALUE, TIMESTAMP) VALUES (27,'14819.37',CURRENT_TIMESTAMP);
INSERT INTO STOCK_INDEX_VALUES(STOCK_ID, VALUE, TIMESTAMP) VALUES (28,'3190.06',CURRENT_TIMESTAMP);
INSERT INTO STOCK_INDEX_VALUES(STOCK_ID, VALUE, TIMESTAMP) VALUES (29,'17081.87',CURRENT_TIMESTAMP);
INSERT INTO STOCK_INDEX_VALUES(STOCK_ID, VALUE, TIMESTAMP) VALUES (30,'20801.71',CURRENT_TIMESTAMP);
INSERT INTO STOCK_INDEX_VALUES(STOCK_ID, VALUE, TIMESTAMP) VALUES (31,'29249.64',CURRENT_TIMESTAMP);
INSERT INTO STOCK_INDEX_VALUES(STOCK_ID, VALUE, TIMESTAMP) VALUES (32,'6770.72',CURRENT_TIMESTAMP);
INSERT INTO STOCK_INDEX_VALUES(STOCK_ID, VALUE, TIMESTAMP) VALUES (33,'5974.5',CURRENT_TIMESTAMP);
INSERT INTO STOCK_INDEX_VALUES(STOCK_ID, VALUE, TIMESTAMP) VALUES (34,'32869.65',CURRENT_TIMESTAMP);
INSERT INTO STOCK_INDEX_VALUES(STOCK_ID, VALUE, TIMESTAMP) VALUES (35,'9720.46',CURRENT_TIMESTAMP);
INSERT INTO STOCK_INDEX_VALUES(STOCK_ID, VALUE, TIMESTAMP) VALUES (36,'33186.48',CURRENT_TIMESTAMP);
INSERT INTO STOCK_INDEX_VALUES(STOCK_ID, VALUE, TIMESTAMP) VALUES (37,'21089.38',CURRENT_TIMESTAMP);
INSERT INTO STOCK_INDEX_VALUES(STOCK_ID, VALUE, TIMESTAMP) VALUES (38,'14431.03',CURRENT_TIMESTAMP);
INSERT INTO STOCK_INDEX_VALUES(STOCK_ID, VALUE, TIMESTAMP) VALUES (39,'28440.71',CURRENT_TIMESTAMP);
SELECT setval('STOCK_INDEX_VALUES_SEQUENCE', MAX(id)) FROM STOCK_INDEX_VALUES;
COMMIT;

